timestamp,elapsed_seconds,distance_m,latitude,longitude,altitude_m,speed_mps,source_elapsed_seconds,source_left_index,source_right_index,distance_ratio
2026-03-28T00:32:13+00:00,0.0,0.0,31.100061060860753,121.02728543803096,-283.6,3.8040000000000003,0.0,0,0,0.0
2026-03-28T00:32:14+00:00,1.0,2.915,31.100099910981953,121.02728233672678,-149.2,3.8055,1.5,1,2,0.5000000000000001
2026-03-28T00:32:15+00:00,2.0,6.67,31.100132977589965,121.02727512829006,-5.399999999999977,3.8055,3.0,3,4,0.0
2026-03-28T00:32:16+00:00,3.0,11.030000000000001,31.10017308499664,121.02727177552879,115.80000000000004,3.8055,4.5,4,5,0.5000000000000003
2026-03-28T00:32:17+00:00,4.0,16.23,31.10021931119263,121.0272868629545,224.0,3.8055,6.0,6,7,0.0
2026-03-28T00:32:18+00:00,5.0,21.965,31.100258915685117,121.0273304907605,360.3,3.8047500000000003,7.5,7,8,0.5
2026-03-28T00:32:19+00:00,6.0,29.13,31.10028075054288,121.02740001864731,502.20000000000005,3.8040000000000003,9.0,9,10,0.0
2026-03-28T00:32:20+00:00,7.0,37.004999999999995,31.10028196591884,121.02748371195048,624.4,3.80175,10.5,10,11,0.4999999999999994
2026-03-28T00:32:21+00:00,8.0,45.62,31.10028225928545,121.02757469750941,685.0,3.8009999999999997,12.0,12,13,0.0
2026-03-28T00:32:22+00:00,9.0,55.15,31.100285360589623,121.02767414879054,754.0,3.7995,13.5,13,14,0.5
2026-03-28T00:32:23+00:00,10.0,64.94,31.10029248520732,121.02777561172843,802.5999999999999,3.7995,15.0,15,16,0.0
2026-03-28T00:32:24+00:00,11.0,74.725,31.10030279494822,121.02787816431373,853.9,3.798,16.5,16,17,0.49999999999999895
2026-03-28T00:32:25+00:00,12.0,85.12,31.100313272327185,121.02798658423126,884.5999999999999,3.798,18.0,18,19,0.0
2026-03-28T00:32:26+00:00,13.0,95.75,31.10032534226775,121.02809760253876,915.5,3.7965,19.5,19,20,0.5
2026-03-28T00:32:27+00:00,14.0,106.74,31.100338082760572,121.02821163833141,933.2,3.795,21.0,21,22,0.0
2026-03-28T00:32:28+00:00,15.0,117.9,31.1003452911973,121.0283278953284,953.8,3.7935,22.5,22,23,0.5
2026-03-28T00:32:29+00:00,16.0,129.02,31.100347638130188,121.02844314649701,966.8,3.7935,24.0,24,25,0.0
2026-03-28T00:32:30+00:00,17.0,139.82999999999998,31.10035388264805,121.02855709847063,973.3000000000001,3.792,25.5,25,26,0.49999999999999806
2026-03-28T00:32:31+00:00,18.0,150.87,31.10035995952785,121.02867255918682,968.5999999999999,3.792,27.0,27,28,0.0
2026-03-28T00:32:32+00:00,19.0,161.75,31.100370562635362,121.02878651116043,940.6999999999999,3.7905,28.5,28,29,0.5
2026-03-28T00:32:33+00:00,20.0,172.67,31.10038929618895,121.02889778092504,897.8,3.7889999999999997,30.0,30,31,0.0
2026-03-28T00:32:34+00:00,21.0,182.735,31.100403503514826,121.0290031414479,852.9,3.7889999999999997,31.5,31,32,0.5
2026-03-28T00:32:35+00:00,22.0,192.84,31.100419806316495,121.02910799905658,808.2,3.7874999999999996,33.0,33,34,0.0
2026-03-28T00:32:36+00:00,23.0,202.66,31.100437911227345,121.02920791134238,751.3000000000001,3.7867499999999996,34.5,34,35,0.5
2026-03-28T00:32:37+00:00,24.0,212.09,31.100455010309815,121.02930396795273,701.8,3.786,36.0,36,37,0.0
2026-03-28T00:32:38+00:00,25.0,220.925,31.100466870702803,121.02939658798277,659.7999999999998,3.7845000000000004,37.5,37,38,0.5000000000000024
2026-03-28T00:32:39+00:00,26.0,229.86,31.100492058321834,121.02948669344187,632.8,3.7845000000000004,39.0,39,40,0.0
2026-03-28T00:32:40+00:00,27.0,238.46,31.100542056374252,121.02955714333802,598.1999999999999,3.78375,40.5,40,41,0.5
2026-03-28T00:32:41+00:00,28.0,246.93,31.10061259008944,121.02959255687892,604.8,3.7829999999999995,42.0,42,43,0.0
2026-03-28T00:32:42+00:00,29.0,255.67000000000002,31.100691547617316,121.02959209587425,647.7,3.7829999999999995,43.5,43,44,0.5000000000000026
2026-03-28T00:32:43+00:00,30.0,264.51,31.10077092424035,121.02958400733769,673.8,3.7829999999999995,45.0,45,46,0.0
2026-03-28T00:32:44+00:00,31.0,273.005,31.1008469061926,121.02957264985889,644.8,3.7822499999999994,46.5,46,47,0.5
2026-03-28T00:32:45+00:00,32.0,281.21,31.100922049954534,121.02957042865455,591.5999999999999,3.7815,48.0,48,49,0.0
2026-03-28T00:32:46+00:00,33.0,289.65999999999997,31.100998115725815,121.02956749498844,550.7000000000003,3.7800000000000002,49.5,49,50,0.4999999999999949
2026-03-28T00:32:47+00:00,34.0,297.78,31.10106999054551,121.02956489659846,492.79999999999995,3.7800000000000002,51.0,51,52,0.0
2026-03-28T00:32:48+00:00,35.0,304.95500000000004,31.10113465692848,121.02956326212734,439.59999999999974,3.7800000000000002,52.5,52,53,0.5000000000000061
2026-03-28T00:32:49+00:00,36.0,311.79,31.101196389645338,121.0295607894659,393.79999999999995,3.7800000000000002,54.0,54,55,0.0
2026-03-28T00:32:50+00:00,37.0,318.255,31.101253302767873,121.02955647278577,342.6,3.7800000000000002,55.5,55,56,0.5
2026-03-28T00:32:51+00:00,38.0,323.85,31.101304767653346,121.0295576043427,300.6,3.7800000000000002,57.0,57,58,0.0
2026-03-28T00:32:52+00:00,39.0,329.83500000000004,31.101360088214278,121.02955425158143,297.79999999999995,3.7807500000000003,58.5,58,59,0.5000000000000066
2026-03-28T00:32:53+00:00,40.0,335.88,31.10141532495618,121.02955400012434,272.6,3.7800000000000002,60.0,60,61,0.0
2026-03-28T00:32:54+00:00,41.0,341.735,31.10146821476519,121.02955186273903,170.89999999999856,3.7815,61.5,61,62,0.5000000000000083
2026-03-28T00:32:55+00:00,42.0,346.37,31.101508112624288,121.02954268455505,-55.80000000000001,3.7815,63.0,63,64,0.0
2026-03-28T00:32:56+00:00,43.0,349.655,31.101536443457007,121.02953891269863,-179.89999999999787,3.7822499999999994,64.5,64,65,0.4999999999999843
2026-03-28T00:32:57+00:00,44.0,351.44,31.10155270434916,121.02953639812768,-278.0,3.7829999999999995,66.0,66,67,0.0
2026-03-28T00:32:58+00:00,45.0,351.88,31.10158053226769,121.02952558547258,-149.2,3.7829999999999995,67.5,69,70,0.0
2026-03-28T00:32:59+00:00,46.0,351.88,31.10158053226769,121.02952558547258,-149.2,3.7824,69.0,69,70,0.0
2026-03-28T00:33:00+00:00,47.0,351.88,31.10158053226769,121.02952558547258,-149.2,3.7815,70.5,69,70,0.0
2026-03-28T00:33:01+00:00,48.0,351.88,31.10158053226769,121.02952558547258,-149.2,3.7805999999999997,72.0,69,70,0.0
2026-03-28T00:33:02+00:00,49.0,353.605,31.101595829240978,121.02952311281115,-110.89999999999938,3.7800000000000002,73.5,69,70,0.5000000000000082
2026-03-28T00:33:03+00:00,50.0,358.13,31.101636020466685,121.029516113922,-125.0,3.7815,75.0,71,72,0.0
2026-03-28T00:33:04+00:00,51.0,361.6,31.101664854213595,121.02950161322951,-220.10000000000036,3.7822499999999994,76.5,72,73,0.5000000000000124
2026-03-28T00:33:05+00:00,52.0,364.99,31.101685306057334,121.02948040701449,-242.39999999999998,3.7829999999999995,78.0,74,75,0.0
2026-03-28T00:33:06+00:00,53.0,367.17499999999995,31.101704752072692,121.02946888189763,-187.40000000000074,3.78375,79.5,75,76,0.4999999999999841
2026-03-28T00:33:07+00:00,54.0,370.73,31.10173643566668,121.02947428822517,-78.19999999999999,3.7845000000000004,81.0,77,78,0.0
2026-03-28T00:33:08+00:00,55.0,374.74,31.101771597750485,121.02947730571032,-2.6999999999993207,3.7845000000000004,82.5,78,79,0.5000000000000101
2026-03-28T00:33:09+00:00,56.0,378.8,31.101808603852987,121.02947294712067,82.20000000000005,3.7845000000000004,84.0,80,81,0.0
2026-03-28T00:33:10+00:00,57.0,384.03499999999997,31.101849381811917,121.02944331709296,211.89999999999935,3.7845000000000004,85.5,81,82,0.49999999999999245
2026-03-28T00:33:11+00:00,58.0,390.17,31.101877754554152,121.02939038537443,319.20000000000005,3.786,87.0,83,84,0.0
2026-03-28T00:33:12+00:00,59.0,396.255,31.101873982697725,121.02932546753436,427.40000000000003,3.7867499999999996,88.5,84,85,0.5
2026-03-28T00:33:13+00:00,60.0,403.7,31.101864762604237,121.02924789302051,532.0,3.7874999999999996,90.0,86,87,0.0
2026-03-28T00:33:14+00:00,61.0,411.73,31.101856967434287,121.02916449308395,599.1,3.7874999999999996,91.5,87,88,0.5
2026-03-28T00:33:15+00:00,62.0,420.23,31.101850848644972,121.02907505817711,660.8,3.7874999999999996,93.0,89,90,0.0
2026-03-28T00:33:16+00:00,63.0,429.6,31.101848166435957,121.0289780376479,714.8000000000001,3.7889999999999997,94.5,90,91,0.5000000000000046
2026-03-28T00:33:17+00:00,64.0,438.74,31.101842131465673,121.0288821067661,765.2,3.7889999999999997,96.0,92,93,0.0
2026-03-28T00:33:18+00:00,65.0,448.32500000000005,31.101836641319096,121.02878097910434,797.9000000000001,3.7889999999999997,97.5,93,94,0.5000000000000043
2026-03-28T00:33:19+00:00,66.0,458.46,31.101832408457994,121.02867465466261,815.5999999999999,3.7889999999999997,99.0,95,96,0.0
2026-03-28T00:33:20+00:00,67.0,468.6,31.101826457306743,121.02856870740652,823.0999999999998,3.7889999999999997,100.5,96,97,0.5000000000000041
2026-03-28T00:33:21+00:00,68.0,478.63,31.101817907765508,121.02846510708332,810.0,3.7889999999999997,102.0,98,99,0.0
2026-03-28T00:33:22+00:00,69.0,488.385,31.101809525862336,121.0283633088693,806.3000000000001,3.7889999999999997,103.5,99,100,0.5
2026-03-28T00:33:23+00:00,70.0,498.45,31.101802485063672,121.02825966663659,808.2,3.7889999999999997,105.0,101,102,0.0
2026-03-28T00:33:24+00:00,71.0,507.79499999999996,31.101805795915425,121.02816197555512,790.3999999999999,3.7905,106.5,102,103,0.4999999999999955
2026-03-28T00:33:25+00:00,72.0,517.18,31.101804915815592,121.0280636139214,810.0,3.7905,108.0,104,105,0.0
2026-03-28T00:33:26+00:00,73.0,526.7,31.101798629388213,121.02796236053109,841.8000000000003,3.7905,109.5,105,106,0.5000000000000088
2026-03-28T00:33:27+00:00,74.0,536.89,31.101790834218264,121.02785582654178,826.8,3.7905,111.0,107,108,0.0
2026-03-28T00:33:28+00:00,75.0,547.03,31.10178257804364,121.02775008883327,827.8,3.7905,112.5,108,109,0.4999999999999917
2026-03-28T00:33:29+00:00,76.0,556.96,31.101773818954825,121.02764594368637,825.0,3.7905,114.0,110,111,0.0
2026-03-28T00:33:30+00:00,77.0,567.05,31.101767071522772,121.02753940969706,821.1999999999999,3.7905,115.5,111,112,0.4999999999999917
2026-03-28T00:33:31+00:00,78.0,577.8,31.101760659366846,121.02742767892778,843.5999999999999,3.7905,117.0,113,114,0.0
2026-03-28T00:33:32+00:00,79.0,588.54,31.101755294948816,121.02731615770608,875.3000000000001,3.7905,118.5,114,115,0.4999999999999918
2026-03-28T00:33:33+00:00,80.0,598.89,31.101748421788216,121.02720874361694,860.4000000000001,3.7905,120.0,116,117,0.0
2026-03-28T00:33:34+00:00,81.0,608.89,31.101739704608917,121.02710392791778,865.0999999999999,3.7905,121.5,117,118,0.5
2026-03-28T00:33:35+00:00,82.0,619.03,31.101732831448317,121.02699726819992,886.5999999999999,3.792,123.0,119,120,0.0
2026-03-28T00:33:36+00:00,83.0,629.81,31.101726377382874,121.02688453160226,894.0000000000001,3.792,124.5,120,121,0.49999999999999234
2026-03-28T00:33:37+00:00,84.0,640.69,31.101720677688718,121.02677162736654,899.5999999999999,3.792,126.0,122,123,0.0
2026-03-28T00:33:38+00:00,85.0,651.375,31.1017137626186,121.02666048333049,923.8,3.792,127.5,123,124,0.5
2026-03-28T00:33:39+00:00,86.0,661.83,31.101706847548485,121.0265495069325,927.5999999999999,3.792,129.0,125,126,0.0
2026-03-28T00:33:40+00:00,87.0,672.87,31.101702572777867,121.02643392048776,940.6999999999999,3.792,130.5,126,127,0.5
2026-03-28T00:33:41+00:00,88.0,683.96,31.101695196703076,121.02631732821465,951.8,3.792,132.0,128,129,0.0
2026-03-28T00:33:42+00:00,89.0,695.54,31.10168807208538,121.0261953715235,1013.4999999999998,3.79125,133.5,129,130,0.4999999999999928
2026-03-28T00:33:43+00:00,90.0,707.49,31.101679857820272,121.02607022970915,1028.4,3.7905,135.0,131,132,0.0
2026-03-28T00:33:44+00:00,91.0,719.49,31.101670931093395,121.02594571653754,1021.8,3.7905,136.5,132,133,0.5
2026-03-28T00:33:45+00:00,92.0,731.73,31.101660998538136,121.02582011371851,1060.0,3.7905,138.0,134,135,0.0
2026-03-28T00:33:46+00:00,93.0,743.4200000000001,31.101657142862678,121.02569581009448,1089.0,3.7889999999999997,139.5,135,136,0.5000000000000073
2026-03-28T00:33:47+00:00,94.0,755.7,31.10165043734014,121.02556748315692,1071.2,3.7889999999999997,141.0,137,138,0.0
2026-03-28T00:33:48+00:00,95.0,767.945,31.10164276789874,121.02544129360467,1077.8000000000002,3.7889999999999997,142.5,138,139,0.5
2026-03-28T00:33:49+00:00,96.0,779.69,31.101634092628956,121.02531745098531,1099.2,3.7889999999999997,144.0,140,141,0.0
2026-03-28T00:33:50+00:00,97.0,791.7349999999999,31.101626297459006,121.02519050706178,1086.2,3.7889999999999997,145.5,141,142,0.49999999999999317
2026-03-28T00:33:51+00:00,98.0,804.07,31.10162009485066,121.02506289258599,1054.4,3.7889999999999997,147.0,143,144,0.0
2026-03-28T00:33:52+00:00,99.0,815.675,31.101605133153498,121.02494257036597,1009.7000000000004,3.7889999999999997,148.5,144,145,0.4999999999999925
2026-03-28T00:33:53+00:00,100.0,826.93,31.101593440398574,121.02482526563108,950.0,3.7889999999999997,150.0,146,147,0.0
2026-03-28T00:33:54+00:00,101.0,837.8399999999999,31.10158547759056,121.02471143938601,909.9,3.7889999999999997,151.5,147,148,0.49999999999999195
2026-03-28T00:33:55+00:00,102.0,848.57,31.101588075980544,121.02460021153092,875.4000000000001,3.7889999999999997,153.0,149,150,0.0
2026-03-28T00:33:56+00:00,103.0,858.685,31.101575419306755,121.02449552156031,913.5999999999997,3.7889999999999997,154.5,150,151,0.4999999999999913
2026-03-28T00:33:57+00:00,104.0,868.98,31.10156879760325,121.02438622154295,944.4000000000001,3.7889999999999997,156.0,152,153,0.0
2026-03-28T00:33:58+00:00,105.0,880.245,31.10155949369073,121.02426807861775,1000.4,3.7889999999999997,157.5,153,154,0.5
2026-03-28T00:33:59+00:00,106.0,891.8,31.101550105959177,121.0241471696645,1041.4,3.7889999999999997,159.0,155,156,0.0
2026-03-28T00:34:00+00:00,107.0,903.605,31.10155027359724,121.02402345277369,1046.1,3.7897499999999997,160.5,156,157,0.5
2026-03-28T00:34:01+00:00,108.0,915.51,31.10155656002462,121.02389864623547,1063.8,3.7905,162.0,158,159,0.0
2026-03-28T00:34:02+00:00,109.0,927.5450000000001,31.101565067656338,121.02377220522612,1087.1,3.7897499999999997,163.5,159,160,0.5000000000000069
2026-03-28T00:34:03+00:00,110.0,939.72,31.101554883643985,121.02364702150226,1078.8,3.7889999999999997,165.0,161,162,0.0
2026-03-28T00:34:04+00:00,111.0,951.55,31.10153610818088,121.02352343033999,1102.9999999999998,3.7889999999999997,166.5,162,163,0.49999999999999295
2026-03-28T00:34:05+00:00,112.0,964.07,31.101524205878377,121.02339413948357,1101.2,3.7889999999999997,168.0,164,165,0.0
2026-03-28T00:34:06+00:00,113.0,976.08,31.101509244181216,121.02326878812164,1097.4,3.7889999999999997,169.5,165,166,0.5
2026-03-28T00:34:07+00:00,114.0,988.26,31.101492857560515,121.02314343675971,1093.6,3.7889999999999997,171.0,167,168,0.0
2026-03-28T00:34:08+00:00,115.0,1000.005,31.101477602496743,121.02302122861147,1097.4,3.7889999999999997,172.5,168,169,0.5
2026-03-28T00:34:09+00:00,116.0,1012.18,31.101467041298747,121.02289424277842,1090.0,3.7889999999999997,174.0,170,171,0.0
2026-03-28T00:34:10+00:00,117.0,1024.645,31.1014616349712,121.02276428136975,1119.8,3.7897499999999997,175.5,171,172,0.5
2026-03-28T00:34:11+00:00,118.0,1036.7,31.101460168138146,121.02263725362718,1119.8,3.7905,177.0,173,174,0.0
2026-03-28T00:34:12+00:00,119.0,1049.11,31.10145417507738,121.0225085914135,1131.0,3.7905,178.5,174,175,0.5
2026-03-28T00:34:13+00:00,120.0,1060.96,31.10144575126469,121.0223827790469,1110.4,3.7905,180.0,176,177,0.0
2026-03-28T00:34:14+00:00,121.0,1073.545,31.101437746547163,121.02225214708596,1115.1999999999998,3.792,181.5,177,178,0.5
2026-03-28T00:34:15+00:00,122.0,1085.72,31.101431334391236,121.02212377823889,1116.0,3.792,183.0,179,180,0.0
2026-03-28T00:34:16+00:00,123.0,1098.24,31.10141976736486,121.02199448738247,1103.0,3.7927500000000003,184.5,180,181,0.5
2026-03-28T00:34:17+00:00,124.0,1110.09,31.10141004435718,121.02186963893473,1101.2,3.7935,186.0,182,183,0.0
2026-03-28T00:34:18+00:00,125.0,1122.32,31.101404847577214,121.02174277883023,1070.3000000000002,3.7942499999999995,187.5,183,184,0.5
2026-03-28T00:34:19+00:00,126.0,1134.22,31.101399902254343,121.02161885239184,1060.0,3.795,189.0,185,186,0.0
2026-03-28T00:34:20+00:00,127.0,1145.8449999999998,31.10139214899391,121.02149702142924,1037.7000000000003,3.795,190.5,186,187,0.4999999999999857
2026-03-28T00:34:21+00:00,128.0,1157.17,31.1013865750283,121.021378794685,994.8,3.7965,192.0,188,189,0.0
2026-03-28T00:34:22+00:00,129.0,1168.185,31.101380456238985,121.0212635435164,972.4000000000002,3.7972500000000005,193.5,189,190,0.499999999999984
2026-03-28T00:34:23+00:00,130.0,1179.08,31.101375008001924,121.02114896290004,953.8,3.798,195.0,191,192,0.0
2026-03-28T00:34:24+00:00,131.0,1190.2350000000001,31.101368595845997,121.02103220298886,962.9999999999997,3.7995,196.5,192,193,0.5000000000000154
2026-03-28T00:34:25+00:00,132.0,1201.16,31.101362435147166,121.02091737091541,955.5999999999999,3.8009999999999997,198.0,194,195,0.0
2026-03-28T00:34:26+00:00,133.0,1212.1799999999998,31.10135258641094,121.02080207783729,954.6999999999997,3.8025,199.5,195,196,0.49999999999998457
2026-03-28T00:34:27+00:00,134.0,1223.3,31.10134357586503,121.02068644948304,927.5999999999999,3.8040000000000003,201.0,197,198,0.0
2026-03-28T00:34:28+00:00,135.0,1234.23,31.101335235871375,121.02057333569974,923.8000000000001,3.8047500000000003,202.5,198,199,0.5
2026-03-28T00:34:29+00:00,136.0,1244.52,31.101329494267702,121.0204656701535,873.4000000000001,3.8069999999999995,204.0,200,201,0.0
2026-03-28T00:34:30+00:00,137.0,1254.8200000000002,31.101318555884063,121.0203588847071,889.4000000000003,3.80775,205.5,201,202,0.5000000000000169
2026-03-28T00:34:31+00:00,138.0,1265.19,31.101310718804598,121.02025017142296,909.0,3.8085000000000004,207.0,203,204,0.0
2026-03-28T00:34:32+00:00,139.0,1275.825,31.101302881725132,121.02013852447271,918.3000000000001,3.81,208.5,204,205,0.5
2026-03-28T00:34:33+00:00,140.0,1286.83,31.10129462555051,121.0200235247612,942.5999999999999,3.8114999999999997,210.0,206,207,0.0
2026-03-28T00:34:34+00:00,141.0,1297.995,31.101290308870375,121.01990735158324,951.8999999999999,3.8114999999999997,211.5,207,208,0.4999999999999845
2026-03-28T00:34:35+00:00,142.0,1308.88,31.101286159828305,121.01979268714786,968.5999999999999,3.8114999999999997,213.0,209,210,0.0
2026-03-28T00:34:36+00:00,143.0,1320.2150000000001,31.101276269182563,121.0196744184941,993.0000000000001,3.8114999999999997,214.5,210,211,0.500000000000015
2026-03-28T00:34:37+00:00,144.0,1331.66,31.10126679763198,121.01955514401197,1013.4000000000001,3.8114999999999997,216.0,212,213,0.0
2026-03-28T00:34:38+00:00,145.0,1342.825,31.10126323532313,121.01943721063435,1031.2,3.8114999999999997,217.5,213,214,0.5
2026-03-28T00:34:39+00:00,146.0,1354.5,31.101260595023632,121.01931533776224,1056.4,3.8114999999999997,219.0,215,216,0.0
2026-03-28T00:34:40+00:00,147.0,1366.385,31.101256823167205,121.01919069886208,1103.0,3.81,220.5,216,217,0.5
2026-03-28T00:34:41+00:00,148.0,1378.49,31.101251877844334,121.01906413212419,1119.8,3.81,222.0,218,219,0.0
2026-03-28T00:34:42+00:00,149.0,1390.7150000000001,31.10124420840293,121.01893601473421,1128.2,3.8085000000000004,223.5,219,220,0.5000000000000137
2026-03-28T00:34:43+00:00,150.0,1403.2,31.101238382980227,121.0188059695065,1132.8,3.8069999999999995,225.0,221,222,0.0
2026-03-28T00:34:44+00:00,151.0,1415.435,31.10123318620026,121.01867818739265,1137.6,3.8062499999999995,226.5,222,223,0.5
2026-03-28T00:34:45+00:00,152.0,1427.36,31.10122379846871,121.01855283603072,1121.6,3.8055,228.0,224,225,0.0
2026-03-28T00:34:46+00:00,153.0,1439.76,31.101214829832315,121.0184235451743,1145.0,3.80325,229.5,225,226,0.5
2026-03-28T00:34:47+00:00,154.0,1452.17,31.101200580596924,121.0182950925082,1138.4,3.8025,231.0,227,228,0.0
2026-03-28T00:34:48+00:00,155.0,1464.5149999999999,31.1011880915612,121.01816622074693,1130.1000000000001,3.80025,232.5,228,229,0.4999999999999867
2026-03-28T00:34:49+00:00,156.0,1477.09,31.10117602162063,121.01803617551923,1144.0,3.7995,234.0,230,231,0.0
2026-03-28T00:34:50+00:00,157.0,1489.79,31.101169190369546,121.01790311280638,1214.0999999999992,3.7987499999999996,235.5,231,232,0.4999999999999871
2026-03-28T00:34:51+00:00,158.0,1502.99,31.101165125146508,121.01776577532291,1256.0,3.7965,237.0,233,234,0.0
2026-03-28T00:34:52+00:00,159.0,1515.8400000000001,31.10116621479392,121.01762940175831,1284.0000000000002,3.79575,238.5,234,235,0.5000000000000131
2026-03-28T00:34:53+00:00,160.0,1529.17,31.101166298612952,121.01748833432794,1278.4,3.795,240.0,236,237,0.0
2026-03-28T00:34:54+00:00,161.0,1543.005,31.101158251985908,121.01734475232661,1291.5,3.7927500000000003,241.5,237,238,0.5000000000000127
2026-03-28T00:34:55+00:00,162.0,1556.44,31.10115154646337,121.01720343343914,1291.4,3.792,243.0,239,240,0.0
2026-03-28T00:34:56+00:00,163.0,1570.23,31.10114387702197,121.01705989334732,1285.9,3.7905,244.5,240,241,0.5
2026-03-28T00:34:57+00:00,164.0,1583.57,31.10113679431379,121.01691995747387,1258.0,3.7905,246.0,242,243,0.0
2026-03-28T00:34:58+00:00,165.0,1596.805,31.10112950205803,121.01678182370961,1218.6999999999998,3.7905,247.5,243,244,0.5
2026-03-28T00:34:59+00:00,166.0,1609.55,31.10112363472581,121.01664796471596,1177.6,3.7905,249.0,245,246,0.0
2026-03-28T00:35:00+00:00,167.0,1621.935,31.10111349262297,121.01651867385954,1124.5,3.7905,250.5,246,247,0.5
2026-03-28T00:35:01+00:00,168.0,1634.28,31.10110267996788,121.01639072410762,1093.6,3.7905,252.0,248,249,0.0
2026-03-28T00:35:02+00:00,169.0,1646.12,31.101082395762205,121.01626843214035,1068.5000000000007,3.7897499999999997,253.5,249,250,0.4999999999999857
2026-03-28T00:35:03+00:00,170.0,1658.02,31.101056830957532,121.0161483194679,1041.4,3.7889999999999997,255.0,251,252,0.0
2026-03-28T00:35:04+00:00,171.0,1669.835,31.101046269759536,121.01602418348193,1087.2,3.7889999999999997,256.5,252,253,0.5
2026-03-28T00:35:05+00:00,172.0,1682.09,31.101038558408618,121.01589635945857,1112.4,3.7874999999999996,258.0,254,255,0.0
2026-03-28T00:35:06+00:00,173.0,1694.105,31.10103114042431,121.01577163673937,1105.8000000000002,3.78825,259.5,255,256,0.5
2026-03-28T00:35:07+00:00,174.0,1705.91,31.101024225354195,121.01564791984856,1118.0,3.7889999999999997,261.0,257,258,0.0
2026-03-28T00:35:08+00:00,175.0,1717.915,31.101013077422976,121.01552231702954,1113.3,3.7889999999999997,262.5,258,259,0.5
2026-03-28T00:35:09+00:00,176.0,1729.89,31.101010646671057,121.0153958760202,1108.6,3.7889999999999997,264.0,260,261,0.0
2026-03-28T00:35:10+00:00,177.0,1742.29,31.100998451001942,121.01526725571603,1107.6000000000004,3.7897499999999997,265.5,261,262,0.4999999999999861
2026-03-28T00:35:11+00:00,178.0,1754.51,31.100987512618303,121.01514073088765,1095.6,3.7905,267.0,263,264,0.0
2026-03-28T00:35:12+00:00,179.0,1766.055,31.100980723276734,121.01501931902021,1048.8,3.7897499999999997,268.5,264,265,0.5
2026-03-28T00:35:13+00:00,180.0,1777.01,31.100971335545182,121.01490268483758,899.5999999999999,3.7905,270.0,266,267,0.0
2026-03-28T00:35:14+00:00,181.0,1785.46,31.10098977573216,121.01481848862022,488.0999999999959,3.7905,271.5,267,268,0.5000000000000236
2026-03-28T00:35:15+00:00,182.0,1791.25,31.10103872604668,121.01478885859251,334.20000000000005,3.7905,273.0,269,270,0.0
2026-03-28T00:35:16+00:00,183.0,1798.08,31.101068733260036,121.01472720969468,382.69999999999845,3.7905,274.5,270,271,0.4999999999999759
2026-03-28T00:35:17+00:00,184.0,1805.2,31.101068733260036,121.01465173065662,461.0,3.7905,276.0,272,273,0.0
2026-03-28T00:35:18+00:00,185.0,1813.095,31.101061776280403,121.01456954609603,543.2,3.7905,277.5,273,274,0.5
2026-03-28T00:35:19+00:00,186.0,1821.42,31.101059848442674,121.01448216475546,632.8,3.7905,279.0,275,276,0.0
2026-03-28T00:35:20+00:00,187.0,1830.215,31.101053268648684,121.01439004763961,692.5,3.7905,280.5,276,277,0.5
2026-03-28T00:35:21+00:00,188.0,1839.8,31.101044341921806,121.01429181173444,737.2,3.7905,282.0,278,279,0.0
2026-03-28T00:35:22+00:00,189.0,1849.175,31.10103600192815,121.01419374346733,776.5,3.7905,283.5,279,280,0.5
2026-03-28T00:35:23+00:00,190.0,1858.88,31.101031014695764,121.01409156806767,798.8,3.7889999999999997,285.0,281,282,0.0
2026-03-28T00:35:24+00:00,191.0,1869.04,31.10102233942598,121.01398612372577,825.9000000000003,3.7889999999999997,286.5,282,283,0.499999999999983
2026-03-28T00:35:25+00:00,192.0,1878.71,31.101008635014296,121.01388487033546,828.5999999999999,3.7889999999999997,288.0,284,285,0.0
2026-03-28T00:35:26+00:00,193.0,1888.98,31.100990655831993,121.0137800546363,839.8,3.7889999999999997,289.5,285,286,0.5
2026-03-28T00:35:27+00:00,194.0,1899.17,31.100952811539173,121.01368278265,853.0,3.7889999999999997,291.0,287,288,0.0
2026-03-28T00:35:28+00:00,195.0,1909.205,31.100925989449024,121.01358148735017,872.5,3.7889999999999997,292.5,288,289,0.5
2026-03-28T00:35:29+00:00,196.0,1920.02,31.10091215930879,121.0134700499475,907.0,3.7874999999999996,294.0,290,291,0.0
2026-03-28T00:35:30+00:00,197.0,1930.335,31.100904154591262,121.01336175575852,936.0,3.7874999999999996,295.5,291,292,0.5
2026-03-28T00:35:31+00:00,198.0,1941.3,31.100892210379243,121.01324717514217,976.2,3.7874999999999996,297.0,293,294,0.0
2026-03-28T00:35:32+00:00,199.0,1952.74,31.10088382847607,121.0131283197552,1014.4,3.7874999999999996,298.5,294,295,0.5
2026-03-28T00:35:33+00:00,200.0,1964.09,31.10087745822966,121.01300829090178,1037.6,3.7874999999999996,300.0,296,297,0.0
2026-03-28T00:35:34+00:00,201.0,1976.145,31.100880266167223,121.01288298144937,1044.2,3.7889999999999997,301.5,297,298,0.5
2026-03-28T00:35:35+00:00,202.0,1987.8,31.100876620039344,121.01276119239628,1054.4,3.7889999999999997,303.0,299,300,0.0
2026-03-28T00:35:36+00:00,203.0,1999.46,31.100863628089428,121.01263969670981,1074.1000000000001,3.7874999999999996,304.5,300,301,0.5000000000000148
2026-03-28T00:35:37+00:00,204.0,2011.28,31.10085004940629,121.01251669228077,1090.0,3.7874999999999996,306.0,302,303,0.0
2026-03-28T00:35:38+00:00,205.0,2023.21,31.10083374660462,121.01239297538996,1085.3000000000002,3.7874999999999996,307.5,303,304,0.5
2026-03-28T00:35:39+00:00,206.0,2035.07,31.100820209831,121.01226867176592,1090.0,3.7874999999999996,309.0,305,306,0.0
2026-03-28T00:35:40+00:00,207.0,2047.46,31.100805206224322,121.01214051246643,1103.9,3.7874999999999996,310.5,306,307,0.5
2026-03-28T00:35:41+00:00,208.0,2059.82,31.100792298093438,121.01201260462403,1108.6,3.7874999999999996,312.0,308,309,0.0
2026-03-28T00:35:42+00:00,209.0,2071.73,31.100782281719148,121.01188939064741,1100.1999999999998,3.78825,313.5,309,310,0.5
2026-03-28T00:35:43+00:00,210.0,2083.15,31.100775534287095,121.01176760159433,1093.6,3.7889999999999997,315.0,311,312,0.0
2026-03-28T00:35:44+00:00,211.0,2095.525,31.10077155288309,121.0116377659142,1100.1999999999998,3.7889999999999997,316.5,312,313,0.5
2026-03-28T00:35:45+00:00,212.0,2108.13,31.10076396726072,121.01150809787214,1123.6,3.7889999999999997,318.0,314,315,0.0
2026-03-28T00:35:46+00:00,213.0,2119.935,31.100755920633674,121.01138354279101,1103.0,3.7889999999999997,319.5,315,316,0.5
2026-03-28T00:35:47+00:00,214.0,2132.14,31.100745694711804,121.01125437766314,1112.4,3.7889999999999997,321.0,317,318,0.0
2026-03-28T00:35:48+00:00,215.0,2144.67,31.10073328949511,121.01112500298768,1100.1999999999998,3.7889999999999997,322.5,318,319,0.5
2026-03-28T00:35:49+00:00,216.0,2157.21,31.100726081058383,121.01099462248385,1106.8,3.7889999999999997,324.0,320,321,0.0
2026-03-28T00:35:50+00:00,217.0,2169.55,31.100725033320487,121.01086633745581,1112.3000000000009,3.7889999999999997,325.5,321,322,0.500000000000028
2026-03-28T00:35:51+00:00,218.0,2181.45,31.100716525688767,121.01074165664613,1114.2,3.7889999999999997,327.0,323,324,0.0
2026-03-28T00:35:52+00:00,219.0,2193.6499999999996,31.100707012228668,121.01061303634197,1125.4,3.7889999999999997,328.5,324,325,0.4999999999999731
2026-03-28T00:35:53+00:00,220.0,2206.17,31.100699258968234,121.0104828234762,1138.4,3.7889999999999997,330.0,326,327,0.0
2026-03-28T00:35:54+00:00,221.0,2218.26,31.10068756621331,121.0103567596525,1125.4,3.7889999999999997,331.5,327,328,0.5
2026-03-28T00:35:55+00:00,222.0,2230.45,31.10067654401064,121.01023010909557,1121.6,3.7889999999999997,333.0,329,330,0.0
2026-03-28T00:35:56+00:00,223.0,2242.445,31.10067381989211,121.01010429672897,1116.1,3.7889999999999997,334.5,330,331,0.5
2026-03-28T00:35:57+00:00,224.0,2254.38,31.10067126341164,121.00997764617205,1119.8,3.7874999999999996,336.0,332,333,0.0
2026-03-28T00:35:58+00:00,225.0,2266.79,31.100664515979588,121.00984923541546,1093.7000000000007,3.7874999999999996,337.5,333,334,0.4999999999999718
2026-03-28T00:35:59+00:00,226.0,2278.61,31.100656846538186,121.00972476415336,1090.0,3.7874999999999996,339.0,335,336,0.0
2026-03-28T00:36:00+00:00,227.0,2290.875,31.100646411068738,121.00959752686322,1079.7,3.7874999999999996,340.5,336,337,0.5
2026-03-28T00:36:01+00:00,228.0,2303.19,31.1006370652467,121.00947129540145,1075.0,3.7874999999999996,342.0,338,339,0.0
2026-03-28T00:36:02+00:00,229.0,2314.705,31.100628599524498,121.00934858433902,1082.4,3.7874999999999996,343.5,339,340,0.5
2026-03-28T00:36:03+00:00,230.0,2326.84,31.100622983649373,121.00922084413469,1097.4,3.7874999999999996,345.0,341,342,0.0
2026-03-28T00:36:04+00:00,231.0,2339.1499999999996,31.10061543993652,121.00909176282585,1100.2000000000003,3.7874999999999996,346.5,342,343,0.4999999999999729
2026-03-28T00:36:05+00:00,232.0,2351.5,31.100605130195618,121.00896460935473,1097.4,3.7874999999999996,348.0,344,345,0.0
2026-03-28T00:36:06+00:00,233.0,2363.195,31.10059498809278,121.00884168874472,1090.0,3.7874999999999996,349.5,345,346,0.5
2026-03-28T00:36:07+00:00,234.0,2375.27,31.10058719292283,121.00871415808797,1078.8,3.7874999999999996,351.0,347,348,0.0
2026-03-28T00:36:08+00:00,235.0,2387.58,31.10057688318193,121.00858666934073,1061.0,3.7874999999999996,352.5,348,349,0.5
2026-03-28T00:36:09+00:00,236.0,2399.89,31.10056716017425,121.00845943205059,1088.0,3.7874999999999996,354.0,350,351,0.0
2026-03-28T00:36:10+00:00,237.0,2411.545,31.100566699169576,121.00833663716912,1072.2,3.7874999999999996,355.5,351,352,0.5
2026-03-28T00:36:11+00:00,238.0,2423.47,31.100565819069743,121.00821191444993,1084.4,3.786,357.0,353,354,0.0
2026-03-28T00:36:12+00:00,239.0,2435.44,31.100559406913817,121.00808769464493,1094.6,3.786,358.5,354,355,0.5
2026-03-28T00:36:13+00:00,240.0,2446.88,31.100552324205637,121.00796691142023,1080.6,3.786,360.0,356,357,0.0
2026-03-28T00:36:14+00:00,241.0,2458.8450000000003,31.100544151850045,121.00784009322524,1090.8999999999996,3.786,361.5,357,358,0.5000000000000284
2026-03-28T00:36:15+00:00,242.0,2471.33,31.10053639858961,121.0077094193548,1084.4,3.786,363.0,359,360,0.0
2026-03-28T00:36:16+00:00,243.0,2483.95,31.100530866533518,121.00757870357484,1094.5999999999992,3.786,364.5,360,361,0.4999999999999725
2026-03-28T00:36:17+00:00,244.0,2496.36,31.100516617298126,121.00744966417551,1118.0,3.786,366.0,362,363,0.0
2026-03-28T00:36:18+00:00,245.0,2508.87,31.10050576273352,121.00731978658587,1110.4999999999995,3.7867499999999996,367.5,363,364,0.4999999999999725
2026-03-28T00:36:19+00:00,246.0,2521.31,31.10049868002534,121.00718982517719,1123.6,3.7874999999999996,369.0,365,366,0.0
2026-03-28T00:36:20+00:00,247.0,2533.505,31.10049402806908,121.00706258788705,1118.0,3.7874999999999996,370.5,366,367,0.5
2026-03-28T00:36:21+00:00,248.0,2545.71,31.100486777722836,121.00693518295884,1123.6,3.7874999999999996,372.0,368,369,0.0
2026-03-28T00:36:22+00:00,249.0,2557.8,31.100478982552886,121.00680991541594,1130.1,3.7874999999999996,373.5,369,370,0.5000000000000291
2026-03-28T00:36:23+00:00,250.0,2569.45,31.100472193211317,121.0066866595298,1129.2,3.7874999999999996,375.0,371,372,0.0
2026-03-28T00:36:24+00:00,251.0,2581.4449999999997,31.100466242060065,121.00656135007739,1108.5999999999997,3.7874999999999996,376.5,372,373,0.4999999999999706
2026-03-28T00:36:25+00:00,252.0,2593.66,31.100460374727845,121.00643243640661,1142.2,3.7874999999999996,378.0,374,375,0.0
2026-03-28T00:36:26+00:00,253.0,2605.6400000000003,31.10045295674354,121.00630750413984,1091.8000000000006,3.7867499999999996,379.5,375,376,0.5000000000000286
2026-03-28T00:36:27+00:00,254.0,2617.9,31.10044838860631,121.0061789676547,1121.6,3.786,381.0,377,378,0.0
2026-03-28T00:36:28+00:00,255.0,2630.065,31.100442898459733,121.00604950916022,1109.5,3.786,382.5,378,379,0.5
2026-03-28T00:36:29+00:00,256.0,2642.84,31.10043623484671,121.00591870956123,1086.2,3.786,384.0,380,381,0.0
2026-03-28T00:36:30+00:00,257.0,2654.785,31.100428272038698,121.00579436402768,1108.5999999999997,3.786,385.5,381,382,0.4999999999999703
2026-03-28T00:36:31+00:00,258.0,2666.53,31.100420895963907,121.005669683218,1108.6,3.7845000000000004,387.0,383,384,0.0
2026-03-28T00:36:32+00:00,259.0,2678.89,31.10041255597025,121.0055404342711,1091.8,3.7845000000000004,388.5,384,385,0.5
2026-03-28T00:36:33+00:00,260.0,2691.49,31.100403713062406,121.00541009567678,1123.6,3.7845000000000004,390.0,386,387,0.0
2026-03-28T00:36:34+00:00,261.0,2703.33,31.100392984226346,121.00528499577194,1103.0,3.7845000000000004,391.5,387,388,0.5
2026-03-28T00:36:35+00:00,262.0,2715.9,31.10037999227643,121.00515427999198,1106.8,3.7845000000000004,393.0,389,390,0.0
2026-03-28T00:36:36+00:00,263.0,2728.05,31.10036662314087,121.0050288029015,1085.3000000000002,3.7845000000000004,394.5,390,391,0.500000000000029
2026-03-28T00:36:37+00:00,264.0,2739.85,31.10035602003336,121.00490491837263,1078.8,3.7845000000000004,396.0,392,393,0.0
2026-03-28T00:36:38+00:00,265.0,2751.94,31.100356564857066,121.00477805826813,1070.4,3.7845000000000004,397.5,393,394,0.5
2026-03-28T00:36:39+00:00,266.0,2764.04,31.100352918729186,121.00465136580169,1080.6,3.7845000000000004,399.0,395,396,0.0
2026-03-28T00:36:40+00:00,267.0,2776.2799999999997,31.10034499783069,121.004524002783,1079.6,3.786,400.5,396,397,0.49999999999997236
2026-03-28T00:36:41+00:00,268.0,2788.64,31.100336322560906,121.00439580157399,1103.0,3.786,402.0,398,399,0.0
2026-03-28T00:36:42+00:00,269.0,2800.56,31.100329952314496,121.00427024066448,1095.5,3.786,403.5,399,400,0.5
2026-03-28T00:36:43+00:00,270.0,2812.9,31.10032576136291,121.0041413269937,1101.2,3.786,405.0,401,402,0.0
2026-03-28T00:36:44+00:00,271.0,2825.09,31.100320941768587,121.00401383824646,1128.1999999999998,3.786,406.5,402,403,0.5
2026-03-28T00:36:45+00:00,272.0,2837.24,31.100311260670424,121.0038860142231,1146.0,3.786,408.0,404,405,0.0
2026-03-28T00:36:46+00:00,273.0,2849.965,31.100300238467753,121.00375236477703,1151.6000000000004,3.7852500000000004,409.5,405,406,0.5000000000000264
2026-03-28T00:36:47+00:00,274.0,2863.26,31.10029064118862,121.00361418910325,1175.8,3.7845000000000004,411.0,407,408,0.0
2026-03-28T00:36:48+00:00,275.0,2875.96,31.100279912352562,121.00348267704248,1145.0,3.7845000000000004,412.5,408,409,0.5
2026-03-28T00:36:49+00:00,276.0,2888.21,31.100272368639708,121.0033556073904,1097.4,3.7845000000000004,414.0,410,411,0.0
2026-03-28T00:36:50+00:00,277.0,2899.75,31.10026658512652,121.00323235150427,1072.1999999999998,3.78375,415.5,411,412,0.5
2026-03-28T00:36:51+00:00,278.0,2911.37,31.100261891260743,121.00310943089426,920.2,3.7829999999999995,417.0,413,414,0.0
2026-03-28T00:36:52+00:00,279.0,2921.76,31.100259041413665,121.0030046151951,667.2999999999923,3.7829999999999995,418.5,414,415,0.500000000000036
2026-03-28T00:36:53+00:00,280.0,2930.0,31.100239846855402,121.00292201153934,552.5999999999999,3.7829999999999995,420.0,416,417,0.0
2026-03-28T00:36:54+00:00,281.0,2938.0950000000003,31.100234147161245,121.00283605512232,642.1000000000015,3.7829999999999995,421.5,417,418,0.5000000000000394
2026-03-28T00:36:55+00:00,282.0,2947.09,31.100229704752564,121.00274205207825,720.4000000000001,3.7829999999999995,423.0,419,420,0.0
2026-03-28T00:36:56+00:00,283.0,2956.7349999999997,31.10022237058729,121.00264172069728,780.1999999999987,3.7845000000000004,424.5,420,421,0.4999999999999662
2026-03-28T00:36:57+00:00,284.0,2966.35,31.1002105101943,121.0025408025831,825.0,3.7845000000000004,426.0,422,423,0.0
2026-03-28T00:36:58+00:00,285.0,2976.85,31.100205648690462,121.00243280176073,868.8,3.7829999999999995,427.5,423,424,0.5
2026-03-28T00:36:59+00:00,286.0,2986.81,31.10019827261567,121.00232882425189,882.8,3.7829999999999995,429.0,425,426,0.0
2026-03-28T00:37:00+00:00,287.0,2997.06,31.100190854631364,121.0022204881534,911.7,3.7829999999999995,430.5,426,427,0.5
2026-03-28T00:37:01+00:00,288.0,3007.87,31.10018167644739,121.00210863165557,929.4000000000001,3.7829999999999995,432.0,428,429,0.0
2026-03-28T00:37:02+00:00,289.0,3018.52,31.100171115249395,121.00199656561017,943.5,3.78375,433.5,429,430,0.5
2026-03-28T00:37:03+00:00,290.0,3029.5,31.100161224603653,121.00188265554607,942.5999999999999,3.7845000000000004,435.0,431,432,0.0
2026-03-28T00:37:04+00:00,291.0,3040.3900000000003,31.100151794962585,121.00176891312003,959.3000000000002,3.7852500000000004,436.5,432,433,0.5000000000000312
2026-03-28T00:37:05+00:00,292.0,3051.22,31.10014697536826,121.00165475159883,955.5999999999999,3.786,438.0,434,435,0.0
2026-03-28T00:37:06+00:00,293.0,3062.505,31.100136497989297,121.00153690204024,970.5000000000005,3.7874999999999996,439.5,435,436,0.5000000000000299
2026-03-28T00:37:07+00:00,294.0,3073.8,31.100126104429364,121.00141938775778,972.4000000000001,3.7889999999999997,441.0,437,438,0.0
2026-03-28T00:37:08+00:00,295.0,3085.135,31.10011277720332,121.00130216684192,991.9999999999999,3.7889999999999997,442.5,438,439,0.5000000000000298
2026-03-28T00:37:09+00:00,296.0,3096.65,31.10009802505374,121.00118427537382,1013.4000000000001,3.7889999999999997,444.0,440,441,0.0
2026-03-28T00:37:10+00:00,297.0,3107.6949999999997,31.100081596523523,121.00106864701957,1021.7999999999996,3.7889999999999997,445.5,441,442,0.4999999999999698
2026-03-28T00:37:11+00:00,298.0,3119.19,31.100066509097815,121.00094882771373,1021.0,3.7889999999999997,447.0,443,444,0.0
2026-03-28T00:37:12+00:00,299.0,3131.05,31.100053684785962,121.00082527846098,1047.9,3.7897499999999997,448.5,444,445,0.5
2026-03-28T00:37:13+00:00,300.0,3143.02,31.100039100274444,121.0007018968463,1045.2,3.7905,450.0,446,447,0.0
2026-03-28T00:37:14+00:00,301.0,3154.49,31.10002376139164,121.00058329291642,1045.9999999999998,3.7905,451.5,447,448,0.4999999999999687
2026-03-28T00:37:15+00:00,302.0,3166.2,31.100005991756916,121.00046158768237,1075.0,3.792,453.0,449,450,0.0
2026-03-28T00:37:16+00:00,303.0,3177.985,31.099987216293812,121.0003408882767,1074.1,3.792,454.5,450,451,0.5
2026-03-28T00:37:17+00:00,304.0,3189.51,31.09996852464974,121.00022077560425,1062.0,3.792,456.0,452,453,0.0
2026-03-28T00:37:18+00:00,305.0,3201.8,31.09994685743004,121.000094586052,1107.7000000000005,3.7935,457.5,453,454,0.500000000000028
2026-03-28T00:37:19+00:00,306.0,3214.42,31.09992602840066,120.9999645408243,1149.6,3.7935,459.0,455,456,0.0
2026-03-28T00:37:20+00:00,307.0,3227.075,31.09990276861936,120.99983520805836,1169.2999999999995,3.7935,460.5,456,457,0.499999999999972
2026-03-28T00:37:21+00:00,308.0,3239.89,31.0998806823045,120.99970336072147,1190.8,3.7935,462.0,458,459,0.0
2026-03-28T00:37:22+00:00,309.0,3252.7349999999997,31.099856249056756,120.99957180675119,1230.899999999999,3.7927500000000003,463.5,459,460,0.49999999999997324
2026-03-28T00:37:23+00:00,310.0,3265.72,31.099830893799663,120.99944000132382,1220.6,3.792,465.0,461,462,0.0
2026-03-28T00:37:24+00:00,311.0,3278.6,31.099806586280465,120.99930672906339,1257.9,3.7905,466.5,462,463,0.5
2026-03-28T00:37:25+00:00,312.0,3291.76,31.099777249619365,120.99917261861265,1267.2,3.7889999999999997,468.0,464,465,0.0
2026-03-28T00:37:26+00:00,313.0,3305.3900000000003,31.099745859391987,120.9990350715816,1287.7000000000005,3.78825,469.5,465,466,0.5000000000000243
2026-03-28T00:37:27+00:00,314.0,3318.9,31.09971597790718,120.99889861419797,1312.0,3.7874999999999996,471.0,467,468,0.0
2026-03-28T00:37:28+00:00,315.0,3332.33,31.099683539941907,120.99876215681434,1311.1000000000001,3.786,472.5,468,469,0.499999999999975
2026-03-28T00:37:29+00:00,316.0,3345.94,31.09965043142438,120.99862486124039,1313.8,3.786,474.0,470,471,0.0
2026-03-28T00:37:30+00:00,317.0,3359.245,31.099618286825716,120.99849033169448,1284.8999999999999,3.7845000000000004,475.5,471,472,0.4999999999999744
2026-03-28T00:37:31+00:00,318.0,3372.69,31.099585136398673,120.99835471250117,1306.4,3.7829999999999995,477.0,473,474,0.0
2026-03-28T00:37:32+00:00,319.0,3386.295,31.099548926576972,120.99821720737964,1316.7,3.7829999999999995,478.5,474,475,0.5
2026-03-28T00:37:33+00:00,320.0,3400.4,31.099508609622717,120.99807735532522,1334.4,3.7829999999999995,480.0,476,477,0.0
2026-03-28T00:37:34+00:00,321.0,3414.66,31.09946862794459,120.99793553352356,1352.1,3.7829999999999995,481.5,477,478,0.49999999999997663
2026-03-28T00:37:35+00:00,322.0,3428.81,31.09942621551454,120.99779572337866,1353.0,3.7829999999999995,483.0,479,480,0.0
2026-03-28T00:37:36+00:00,323.0,3443.1000000000004,31.099383258260787,120.99765528459102,1370.7999999999997,3.7815,484.5,480,481,0.5000000000000249
2026-03-28T00:37:37+00:00,324.0,3457.15,31.099340217188,120.99751652218401,1369.8,3.7815,486.0,482,483,0.0
2026-03-28T00:37:38+00:00,325.0,3471.09,31.099295751191676,120.99737922661006,1355.0,3.7815,487.5,483,484,0.5
2026-03-28T00:37:39+00:00,326.0,3485.43,31.09924927353859,120.99724134430289,1327.0,3.7800000000000002,489.0,485,486,0.0
2026-03-28T00:37:40+00:00,327.0,3498.8,31.099201035685837,120.99711083807051,1331.6,3.7800000000000002,490.5,486,487,0.5000000000000241
2026-03-28T00:37:41+00:00,328.0,3512.94,31.099157575517893,120.99697194993496,1353.0,3.7800000000000002,492.0,488,489,0.0
2026-03-28T00:37:42+00:00,329.0,3526.935,31.099113738164306,120.99683574400842,1361.4,3.7807500000000003,493.5,489,490,0.5
2026-03-28T00:37:43+00:00,330.0,3540.3,31.0990656260401,120.99670523777604,1343.8,3.7815,495.0,491,492,0.0
2026-03-28T00:37:44+00:00,331.0,3554.825,31.099027069285512,120.99655956029892,1363.3000000000002,3.7815,496.5,492,493,0.5
2026-03-28T00:37:45+00:00,332.0,3569.15,31.098993038758636,120.99641430191696,1368.0,3.7815,498.0,494,495,0.0
2026-03-28T00:37:46+00:00,333.0,3583.66,31.098948656581342,120.99627252202481,1388.6,3.7807500000000003,499.5,495,496,0.5
2026-03-28T00:37:47+00:00,334.0,3597.73,31.098893461748958,120.99614046514034,1399.8,3.7800000000000002,501.0,497,498,0.0
2026-03-28T00:37:48+00:00,335.0,3611.7,31.098831770941615,120.99601188674569,1401.6,3.7785,502.5,498,499,0.5
2026-03-28T00:37:49+00:00,336.0,3626.05,31.09877184033394,120.99587836302817,1390.4,3.7769999999999997,504.0,500,501,0.0
2026-03-28T00:37:50+00:00,337.0,3640.42,31.09871698077768,120.99574219901115,1396.9,3.7769999999999997,505.5,501,502,0.5
2026-03-28T00:37:51+00:00,338.0,3654.97,31.098660109564662,120.99560578353703,1396.0,3.7769999999999997,507.0,503,504,0.0
2026-03-28T00:37:52+00:00,339.0,3668.935,31.098609063774347,120.99547096062452,1388.5,3.7769999999999997,508.5,504,505,0.5
2026-03-28T00:37:53+00:00,340.0,3683.16,31.098558520898223,120.99533446133137,1375.4,3.7769999999999997,510.0,506,507,0.0
2026-03-28T00:37:54+00:00,341.0,3697.165,31.09850898385048,120.99519926123321,1368.0,3.77775,511.5,507,508,0.5
2026-03-28T00:37:55+00:00,342.0,3711.18,31.098456596955657,120.99506640806794,1358.6,3.7785,513.0,509,510,0.0
2026-03-28T00:37:56+00:00,343.0,3724.74,31.098406766541302,120.99493598565459,1348.4,3.7785,514.5,510,511,0.49999999999997496
2026-03-28T00:37:57+00:00,344.0,3738.32,31.09835651703179,120.9948057308793,1341.8,3.7785,516.0,512,513,0.0
2026-03-28T00:37:58+00:00,345.0,3751.99,31.09830559697002,120.9946746379137,1338.1,3.7769999999999997,517.5,513,514,0.49999999999997563
2026-03-28T00:37:59+00:00,346.0,3766.16,31.098254173994064,120.99454111419618,1330.6,3.7769999999999997,519.0,515,516,0.0
2026-03-28T00:38:00+00:00,347.0,3779.39,31.098203463479877,120.99441316444427,1325.0,3.77625,520.5,516,517,0.5
2026-03-28T00:38:01+00:00,348.0,3793.26,31.098149735480547,120.99428253248334,1327.0,3.7755,522.0,518,519,0.0
2026-03-28T00:38:02+00:00,349.0,3806.9049999999997,31.098101204261184,120.99415064323694,1334.4000000000005,3.7755,523.5,519,520,0.4999999999999749
2026-03-28T00:38:03+00:00,350.0,3820.66,31.098051331937313,120.9940186701715,1315.8,3.7755,525.0,521,522,0.0
2026-03-28T00:38:04+00:00,351.0,3834.335,31.098000914789736,120.99388820584863,1327.8000000000002,3.7755,526.5,522,523,0.5
2026-03-28T00:38:05+00:00,352.0,3848.17,31.097953179851174,120.9937546402216,1328.8,3.7755,528.0,524,525,0.0
2026-03-28T00:38:06+00:00,353.0,3861.8,31.097904103808105,120.9936230443418,1329.7999999999997,3.7755,529.5,525,526,0.5000000000000246
2026-03-28T00:38:07+00:00,354.0,3875.82,31.097853938117623,120.99348750896752,1364.2,3.7755,531.0,527,528,0.0
2026-03-28T00:38:08+00:00,355.0,3889.75,31.09779974911362,120.99335654173046,1325.1,3.7755,532.5,528,529,0.5
2026-03-28T00:38:09+00:00,356.0,3903.66,31.09774782322347,120.99322440102696,1327.0,3.7755,534.0,530,531,0.0
2026-03-28T00:38:10+00:00,357.0,3917.38,31.097697825171053,120.99309326615185,1340.0000000000005,3.774,535.5,531,532,0.5000000000000254
2026-03-28T00:38:11+00:00,358.0,3930.76,31.097649168223143,120.99296489730477,1310.2,3.774,537.0,533,534,0.0
2026-03-28T00:38:12+00:00,359.0,3943.955,31.09760243911296,120.99283740855753,1301.7,3.774,538.5,534,535,0.5
2026-03-28T00:38:13+00:00,360.0,3957.07,31.097551099956036,120.9927112609148,1295.2,3.774,540.0,536,537,0.0
2026-03-28T00:38:14+00:00,361.0,3970.8199999999997,31.09749875497073,120.99258150905371,1278.4000000000008,3.7732500000000004,541.5,537,538,0.49999999999997446
2026-03-28T00:38:15+00:00,362.0,3984.11,31.097452277317643,120.99245284684002,1265.4,3.7725,543.0,539,540,0.0
2026-03-28T00:38:16+00:00,363.0,3997.41,31.097405799664557,120.99232384935021,1233.7000000000005,3.7725,544.5,540,541,0.4999999999999749
2026-03-28T00:38:17+00:00,364.0,4011.05,31.097357561811805,120.99219451658428,1231.8,3.7725,546.0,542,543,0.0
2026-03-28T00:38:18+00:00,365.0,4023.885,31.097311293706298,120.99207100924104,1220.6000000000004,3.7725,547.5,543,544,0.5000000000000262
2026-03-28T00:38:19+00:00,366.0,4036.87,31.097263600677252,120.99194750189781,1228.0,3.7725,549.0,545,546,0.0
2026-03-28T00:38:20+00:00,367.0,4049.705,31.097216703929007,120.99182303063571,1239.2,3.7732500000000004,550.5,546,547,0.5
2026-03-28T00:38:21+00:00,368.0,4062.86,31.09717064537108,120.991694284603,1224.4,3.774,552.0,548,549,0.0
2026-03-28T00:38:22+00:00,369.0,4076.715,31.097118761390448,120.99156407173723,1261.6999999999998,3.774,553.5,549,550,0.5000000000000252
2026-03-28T00:38:23+00:00,370.0,4089.6,31.097071655094624,120.99144064821303,1230.0,3.774,555.0,551,552,0.0
2026-03-28T00:38:24+00:00,371.0,4102.415,31.09702505171299,120.9913176856935,1207.6,3.774,556.5,552,553,0.5
2026-03-28T00:38:25+00:00,372.0,4114.73,31.096979789435863,120.9911987464875,1159.0,3.774,558.0,554,555,0.0
2026-03-28T00:38:26+00:00,373.0,4127.315,31.096931342035532,120.99107846617699,1135.6,3.7732500000000004,559.5,555,556,0.5
2026-03-28T00:38:27+00:00,374.0,4140.54,31.096883146092296,120.99095282144845,1164.6,3.774,561.0,557,558,0.0
2026-03-28T00:38:28+00:00,375.0,4153.219999999999,31.096837297081947,120.9908311162144,1170.200000000002,3.774,562.5,558,559,0.4999999999999452
2026-03-28T00:38:29+00:00,376.0,4165.93,31.096792370080948,120.99070924334228,1166.4,3.7755,564.0,560,561,0.0
2026-03-28T00:38:30+00:00,377.0,4178.43,31.096749706193805,120.99058829247952,1167.4,3.7755,565.5,561,562,0.500000000000056
2026-03-28T00:38:31+00:00,378.0,4190.76,31.096708299592137,120.99046776071191,1138.4,3.7755,567.0,563,564,0.0
2026-03-28T00:38:32+00:00,379.0,4203.3,31.09666173812002,120.99034815095365,1144.1,3.77625,568.5,564,565,0.5
2026-03-28T00:38:33+00:00,380.0,4215.98,31.096614003181458,120.99022703245282,1179.6,3.7769999999999997,570.0,566,567,0.0
2026-03-28T00:38:34+00:00,381.0,4228.825,31.096566477790475,120.99010499194264,1185.1,3.7769999999999997,571.5,567,568,0.5
2026-03-28T00:38:35+00:00,382.0,4241.56,31.096519706770778,120.98998177796602,1192.6,3.7769999999999997,573.0,569,570,0.0
2026-03-28T00:38:36+00:00,383.0,4254.639999999999,31.09647142700851,120.98985625896603,1186.1000000000001,3.7755,574.5,570,571,0.49999999999994843
2026-03-28T00:38:37+00:00,384.0,4267.62,31.096425410360098,120.98973073996603,1159.0,3.7755,576.0,572,573,0.0
2026-03-28T00:38:38+00:00,385.0,4280.42,31.096379687078297,120.98960811272264,1109.5,3.7769999999999997,577.5,573,574,0.5
2026-03-28T00:38:39+00:00,386.0,4292.76,31.096334299072623,120.98949051462114,1078.8,3.7769999999999997,579.0,575,576,0.0
2026-03-28T00:38:40+00:00,387.0,4304.595,31.09628920443356,120.98937807139009,1027.4,3.77775,580.5,576,577,0.5
2026-03-28T00:38:41+00:00,388.0,4315.95,31.096242936328053,120.98927174694836,989.2,3.7769999999999997,582.0,578,579,0.0
2026-03-28T00:38:42+00:00,389.0,4327.535,31.096201320178807,120.9891611058265,992.0,3.7785,583.5,579,580,0.5
2026-03-28T00:38:43+00:00,390.0,4338.94,31.09616171568632,120.98905130289495,1006.0,3.7785,585.0,581,582,0.0
2026-03-28T00:38:44+00:00,391.0,4350.105,31.096122823655605,120.98894326016307,1009.8000000000008,3.7785,586.5,582,583,0.49999999999993894
2026-03-28T00:38:45+00:00,392.0,4361.35,31.096079740673304,120.98883714526892,1006.0,3.7785,588.0,584,585,0.0
2026-03-28T00:38:46+00:00,393.0,4372.33,31.09603757970035,120.9887316590175,987.3,3.7769999999999997,589.5,585,586,0.5
2026-03-28T00:38:47+00:00,394.0,4383.6,31.095995418727398,120.98862374201417,966.8,3.7769999999999997,591.0,587,588,0.0
2026-03-28T00:38:48+00:00,395.0,4394.765,31.095958119258285,120.98851611837745,954.6,3.7769999999999997,592.5,588,589,0.5
2026-03-28T00:38:49+00:00,396.0,4405.47,31.095917550846934,120.98841260187328,946.2,3.7769999999999997,594.0,590,591,0.0
2026-03-28T00:38:50+00:00,397.0,4417.135,31.095874425955117,120.98830409813672,942.5999999999999,3.7769999999999997,595.5,591,592,0.5
2026-03-28T00:38:51+00:00,398.0,4427.72,31.095834570005536,120.9882025513798,953.8,3.7769999999999997,597.0,593,594,0.0
2026-03-28T00:38:52+00:00,399.0,4438.66,31.09579437877983,120.988097358495,963.9999999999999,3.7785,598.5,594,595,0.49999999999993755
2026-03-28T00:38:53+00:00,400.0,4449.84,31.095750080421567,120.98799308761954,979.8,3.7800000000000002,600.0,596,597,0.0
2026-03-28T00:38:54+00:00,401.0,4460.39,31.095706829801202,120.98789330106229,960.3,3.7807500000000003,601.5,597,598,0.5
2026-03-28T00:38:55+00:00,402.0,4471.58,31.09565938822925,120.98778882063925,987.4000000000001,3.7815,603.0,599,600,0.0
2026-03-28T00:38:56+00:00,403.0,4483.195,31.095613078214228,120.98768056835979,1017.1999999999988,3.7815,604.5,600,601,0.49999999999994027
2026-03-28T00:38:57+00:00,404.0,4494.62,31.095566181465983,120.98757407628,1017.2,3.7829999999999995,606.0,602,603,0.0
2026-03-28T00:38:58+00:00,405.0,4506.4349999999995,31.095518656075,120.98746532108635,1024.5999999999995,3.7829999999999995,607.5,603,604,0.4999999999999424
2026-03-28T00:38:59+00:00,406.0,4517.66,31.09547020867467,120.98736176267266,1034.0,3.7829999999999995,609.0,605,606,0.0
2026-03-28T00:39:00+00:00,407.0,4529.16,31.095421258360147,120.98725489340723,1035.8,3.7829999999999995,610.5,606,607,0.5
2026-03-28T00:39:01+00:00,408.0,4540.87,31.095371805131435,120.98714584484696,1062.0,3.7815,612.0,608,609,0.0
2026-03-28T00:39:02+00:00,409.0,4552.725,31.095323651097715,120.98703516181558,1065.7000000000005,3.7815,613.5,609,610,0.5000000000000584
2026-03-28T00:39:03+00:00,410.0,4564.29,31.095276419073343,120.9869284182787,1052.6,3.7815,615.0,611,612,0.0
2026-03-28T00:39:04+00:00,411.0,4575.495,31.095228432677686,120.9868235187605,1046.1,3.7815,616.5,612,613,0.5
2026-03-28T00:39:05+00:00,412.0,4586.88,31.09517801553011,120.98671920597553,1063.8,3.7815,618.0,614,615,0.0
2026-03-28T00:39:06+00:00,413.0,4598.475,31.09512315597385,120.98661640193313,1056.4000000000005,3.7815,619.5,615,616,0.5000000000000567
2026-03-28T00:39:07+00:00,414.0,4610.3,31.095066787675023,120.98651259206235,1067.6,3.7815,621.0,617,618,0.0
2026-03-28T00:39:08+00:00,415.0,4621.87,31.095009916462004,120.98640664480627,1065.7,3.7815,622.5,618,619,0.5
2026-03-28T00:39:09+00:00,416.0,4634.62,31.094952123239636,120.9862925671041,1069.4,3.7815,624.0,620,621,0.0
2026-03-28T00:39:10+00:00,417.0,4646.67,31.094896299764514,120.98618523683399,1071.3000000000002,3.7800000000000002,625.5,621,622,0.5
2026-03-28T00:39:11+00:00,418.0,4658.43,31.09484282322228,120.98607891239226,1069.4,3.7800000000000002,627.0,623,624,0.0
2026-03-28T00:39:12+00:00,419.0,4670.639999999999,31.09478243160993,120.98597283940762,1106.8,3.7800000000000002,628.5,624,625,0.4999999999999418
2026-03-28T00:39:13+00:00,420.0,4682.41,31.094724973663688,120.98586743697524,1097.4,3.7800000000000002,630.0,626,627,0.0
2026-03-28T00:39:14+00:00,421.0,4694.715,31.094665420241654,120.9857592266053,1096.4000000000003,3.7800000000000002,631.5,627,628,0.5000000000000554
2026-03-28T00:39:15+00:00,422.0,4706.66,31.09460972249508,120.98565235733986,1090.0,3.7800000000000002,633.0,629,630,0.0
2026-03-28T00:39:16+00:00,423.0,4718.29,31.094551971182227,120.98554900847375,1072.2,3.7800000000000002,634.5,630,631,0.5
2026-03-28T00:39:17+00:00,424.0,4730.45,31.094491789117455,120.9854431450367,1067.6,3.7815,636.0,632,633,0.0
2026-03-28T00:39:18+00:00,425.0,4742.34,31.094429804943502,120.98533845506608,1061.0,3.7815,637.5,633,634,0.5
2026-03-28T00:39:19+00:00,426.0,4755.39,31.094361199066043,120.98522890359163,1076.8,3.7815,639.0,635,636,0.0
2026-03-28T00:39:20+00:00,427.0,4768.049999999999,31.094294982030988,120.98512241151184,1096.3999999999996,3.7829999999999995,640.5,636,637,0.49999999999994416
2026-03-28T00:39:21+00:00,428.0,4780.13,31.094232369214296,120.98501784726977,1091.8,3.7829999999999995,642.0,638,639,0.0
2026-03-28T00:39:22+00:00,429.0,4792.41,31.09417021740228,120.98491223528981,1087.1,3.7829999999999995,643.5,639,640,0.5
2026-03-28T00:39:23+00:00,430.0,4804.5,31.094106640666723,120.98481022752821,1084.4,3.7829999999999995,645.0,641,642,0.0
2026-03-28T00:39:24+00:00,431.0,4816.495,31.09404151327908,120.98470926750451,1089.0,3.7829999999999995,646.5,642,643,0.5
2026-03-28T00:39:25+00:00,432.0,4828.56,31.0939765535295,120.98460788838565,1097.4,3.7829999999999995,648.0,644,645,0.0
2026-03-28T00:39:26+00:00,433.0,4840.415,31.093909163028002,120.98451120313257,1073.1,3.7829999999999995,649.5,645,646,0.5
2026-03-28T00:39:27+00:00,434.0,4852.43,31.09384059906006,120.9844137635082,1084.4,3.7829999999999995,651.0,647,648,0.0
2026-03-28T00:39:28+00:00,435.0,4864.14,31.09377706423402,120.98431498277932,1047.0,3.78375,652.5,648,649,0.5
2026-03-28T00:39:29+00:00,436.0,4875.45,31.09371160157025,120.98422416485846,970.5999999999999,3.7845000000000004,654.0,650,651,0.0
2026-03-28T00:39:30+00:00,437.0,4886.715,31.09364915639162,120.98413263447583,940.6999999999977,3.7845000000000004,655.5,651,652,0.5000000000000631
2026-03-28T00:39:31+00:00,438.0,4897.21,31.09359056688845,120.98404621705413,897.8,3.786,657.0,653,654,0.0
2026-03-28T00:39:32+00:00,439.0,4907.705,31.093527995981276,120.98396545741707,894.9,3.786,658.5,654,655,0.5
2026-03-28T00:39:33+00:00,440.0,4917.69,31.093470454216003,120.9838836081326,897.8,3.7845000000000004,660.0,656,657,0.0
2026-03-28T00:39:34+00:00,441.0,4928.21,31.093415594659746,120.98379362840205,912.6,3.7845000000000004,661.5,657,658,0.5
2026-03-28T00:39:35+00:00,442.0,4938.67,31.093361573293805,120.98370272666216,923.8,3.7845000000000004,663.0,659,660,0.0
2026-03-28T00:39:36+00:00,443.0,4949.275,31.09330667182803,120.98361056763679,918.2999999999995,3.7845000000000004,664.5,660,661,0.49999999999993777
2026-03-28T00:39:37+00:00,444.0,4960.4,31.09324255026877,120.98352117463946,935.0,3.7845000000000004,666.0,662,663,0.0
2026-03-28T00:39:38+00:00,445.0,4971.389999999999,31.09317595604807,120.98343509249389,934.1000000000001,3.7845000000000004,667.5,663,664,0.49999999999994094
2026-03-28T00:39:39+00:00,446.0,4982.76,31.09310341067612,120.98335236310959,955.5999999999999,3.7845000000000004,669.0,665,666,0.0
2026-03-28T00:39:40+00:00,447.0,4993.6849999999995,31.093029901385307,120.9832757525146,962.1000000000006,3.786,670.5,666,667,0.49999999999993927
2026-03-28T00:39:41+00:00,448.0,5004.92,31.092958487570286,120.98319419659674,966.8,3.786,672.0,668,669,0.0
2026-03-28T00:39:42+00:00,449.0,5015.95,31.092887073755264,120.98311289213598,1000.4,3.786,673.5,669,670,0.5
2026-03-28T00:39:43+00:00,450.0,5027.49,31.09281700104475,120.98302454687655,1009.8,3.7845000000000004,675.0,671,672,0.0
2026-03-28T00:39:44+00:00,451.0,5038.77,31.09274688642472,120.98293804563582,1029.3,3.7845000000000004,676.5,672,673,0.5000000000000598
2026-03-28T00:39:45+00:00,452.0,5050.22,31.09267584979534,120.98285120911896,1032.0,3.7845000000000004,678.0,674,675,0.0
2026-03-28T00:39:46+00:00,453.0,5061.605,31.092605399899185,120.98276353441179,1028.3999999999994,3.7845000000000004,679.5,675,676,0.49999999999994194
2026-03-28T00:39:47+00:00,454.0,5073.25,31.092530842870474,120.98267753608525,1028.4,3.7845000000000004,681.0,677,678,0.0
2026-03-28T00:39:48+00:00,455.0,5084.844999999999,31.09246047679335,120.98258923273534,1027.4000000000003,3.7845000000000004,682.5,678,679,0.49999999999993827
2026-03-28T00:39:49+00:00,456.0,5096.08,31.09239279292524,120.98250042647123,1013.4000000000001,3.7845000000000004,684.0,680,681,0.0
2026-03-28T00:39:50+00:00,457.0,5107.565,31.092320918105543,120.98241329658777,1005.1,3.7845000000000004,685.5,681,682,0.5
2026-03-28T00:39:51+00:00,458.0,5118.78,31.092251054942608,120.98232792690396,983.5999999999999,3.7845000000000004,687.0,683,684,0.0
2026-03-28T00:39:52+00:00,459.0,5129.905000000001,31.09218253288418,120.9822431858629,977.0000000000003,3.7845000000000004,688.5,684,685,0.5000000000000645
2026-03-28T00:39:53+00:00,460.0,5141.0,31.09211476519704,120.98215802572668,961.2,3.7845000000000004,690.0,686,687,0.0
2026-03-28T00:39:54+00:00,461.0,5151.74,31.09204867389053,120.98207571543753,947.2000000000005,3.7845000000000004,691.5,687,688,0.4999999999999354
2026-03-28T00:39:55+00:00,462.0,5162.48,31.091983253136277,120.98199181258678,935.0,3.7845000000000004,693.0,689,690,0.0
2026-03-28T00:39:56+00:00,463.0,5173.1849999999995,31.091918754391372,120.98190920893103,881.0000000000015,3.7845000000000004,694.5,690,691,0.4999999999999348
2026-03-28T00:39:57+00:00,464.0,5183.36,31.09185492619872,120.9818319696933,847.4000000000001,3.786,696.0,692,693,0.0
2026-03-28T00:39:58+00:00,465.0,5193.395,31.091793444938958,120.98175565246493,804.3999999999992,3.7867499999999996,697.5,693,694,0.5000000000000692
2026-03-28T00:39:59+00:00,466.0,5202.93,31.09173464588821,120.98168151453137,761.5999999999999,3.7889999999999997,699.0,695,696,0.0
2026-03-28T00:40:00+00:00,467.0,5212.375,31.09167685266584,120.98161001689732,718.6,3.7905,700.5,696,697,0.5
2026-03-28T00:40:01+00:00,468.0,5221.33,31.09162081964314,120.9815422911197,686.8,3.792,702.0,698,699,0.0
2026-03-28T00:40:02+00:00,469.0,5229.955,31.091566001996398,120.98147699609399,647.6999999999999,3.7942499999999995,703.5,699,700,0.5
2026-03-28T00:40:03+00:00,470.0,5238.7,31.091509591788054,120.98141379654408,608.4000000000001,3.7965,705.0,701,702,0.0
2026-03-28T00:40:04+00:00,471.0,5246.72,31.091462150216103,120.98135026171803,547.8,3.7972500000000005,706.5,702,703,0.5
2026-03-28T00:40:05+00:00,472.0,5254.45,31.091419151052833,120.9812864754349,500.20000000000005,3.7995,708.0,704,705,0.0
2026-03-28T00:40:06+00:00,473.0,5261.895,31.091373302042484,120.98122968804091,481.5999999999992,3.8025,709.5,705,706,0.5000000000000954
2026-03-28T00:40:07+00:00,474.0,5269.24,31.09132904559374,120.98117273300886,468.6,3.8040000000000003,711.0,707,708,0.0
2026-03-28T00:40:08+00:00,475.0,5276.205,31.091285585425794,120.98111879546195,458.29999999999995,3.8062499999999995,712.5,708,709,0.5
2026-03-28T00:40:09+00:00,476.0,5283.46,31.091239862143993,120.98106485791504,440.6,3.8085000000000004,714.0,710,711,0.0
2026-03-28T00:40:10+00:00,477.0,5290.465,31.09119598288089,120.98101104609668,431.2,3.81,715.5,711,712,0.5
2026-03-28T00:40:11+00:00,478.0,5297.67,31.09115227125585,120.98095656372607,418.20000000000005,3.8114999999999997,717.0,713,714,0.0
2026-03-28T00:40:12+00:00,479.0,5304.594999999999,31.091110571287572,120.98090333864093,409.8000000000005,3.8114999999999997,718.5,714,715,0.49999999999990385
2026-03-28T00:40:13+00:00,480.0,5311.18,31.091070296242833,120.98085237666965,399.4,3.8129999999999997,720.0,716,717,0.0
2026-03-28T00:40:14+00:00,481.0,5317.77,31.091029979288578,120.98080166615546,381.6999999999987,3.8137499999999998,721.5,717,718,0.5000000000001062
2026-03-28T00:40:15+00:00,482.0,5324.26,31.090990751981735,120.98075020126998,358.4,3.816,723.0,719,720,0.0
2026-03-28T00:40:16+00:00,483.0,5330.955,31.090950309298933,120.98069986794144,360.3,3.8175,724.5,720,721,0.5
2026-03-28T00:40:17+00:00,484.0,5337.02,31.090911207720637,120.98065439611673,349.0,3.819,726.0,722,723,0.0
2026-03-28T00:40:18+00:00,485.0,5343.335,31.09087151940912,120.98060599062592,336.0,3.8205,727.5,723,724,0.5
2026-03-28T00:40:19+00:00,486.0,5349.7,31.090832417830825,120.9805578365922,337.79999999999995,3.822,729.0,725,726,0.0
2026-03-28T00:40:20+00:00,487.0,5355.83,31.090794280171394,120.98051098175347,346.3,3.8227499999999996,730.5,726,727,0.5
2026-03-28T00:40:21+00:00,488.0,5361.98,31.090754717588425,120.98046395927668,351.0,3.8235,732.0,728,729,0.0
2026-03-28T00:40:22+00:00,489.0,5368.695,31.090712011791766,120.9804151346907,338.8,3.8249999999999997,733.5,729,730,0.5
2026-03-28T00:40:23+00:00,490.0,5375.22,31.090671736747026,120.98036488518119,347.20000000000005,3.8265000000000002,735.0,731,732,0.0
2026-03-28T00:40:24+00:00,491.0,5381.9349999999995,31.090631880797446,120.98031304311007,368.599999999997,3.82725,736.5,732,733,0.4999999999998915
2026-03-28T00:40:25+00:00,492.0,5388.55,31.090590683743358,120.98026287741959,382.6,3.8280000000000003,738.0,734,735,0.0
2026-03-28T00:40:26+00:00,493.0,5395.365,31.090547726489604,120.98021166399121,407.79999999999944,3.8295,739.5,735,736,0.49999999999990136
2026-03-28T00:40:27+00:00,494.0,5402.26,31.090504014864564,120.9801606182009,418.20000000000005,3.8295,741.0,737,738,0.0
2026-03-28T00:40:28+00:00,495.0,5409.45,31.090459884144366,120.98010609392077,455.5,3.8302499999999995,742.5,738,739,0.5
2026-03-28T00:40:29+00:00,496.0,5416.76,31.090414663776755,120.9800501447171,494.6,3.8309999999999995,744.0,740,741,0.0
2026-03-28T00:40:30+00:00,497.0,5424.3099999999995,31.0903682699427,120.97999193239957,516.1999999999985,3.8332500000000005,745.5,741,742,0.4999999999999101
2026-03-28T00:40:31+00:00,498.0,5432.05,31.09032103791833,120.97993162460625,543.2,3.834,747.0,743,744,0.0
2026-03-28T00:40:32+00:00,499.0,5440.16,31.09027204569429,120.9798693889752,560.8999999999986,3.8347499999999997,748.5,744,745,0.49999999999991546
2026-03-28T00:40:33+00:00,500.0,5448.26,31.090221712365746,120.97980908118188,567.4000000000001,3.8354999999999997,750.0,746,747,0.0
2026-03-28T00:40:34+00:00,501.0,5456.065,31.0901748156175,120.97974743228406,569.3000000000001,3.8354999999999997,751.5,747,748,0.5
2026-03-28T00:40:35+00:00,502.0,5463.98,31.09012615866959,120.9796859510243,578.5999999999999,3.8354999999999997,753.0,749,750,0.0
2026-03-28T00:40:36+00:00,503.0,5472.18,31.09007670544088,120.97962208092213,587.0000000000001,3.8369999999999997,754.5,750,751,0.5000000000000829
2026-03-28T00:40:37+00:00,504.0,5480.43,31.090026078745723,120.97955913282931,593.5999999999999,3.8385000000000002,756.0,752,753,0.0
2026-03-28T00:40:38+00:00,505.0,5488.62,31.089973356574774,120.97949815448374,610.4,3.8385000000000002,757.5,753,754,0.5
2026-03-28T00:40:39+00:00,506.0,5497.12,31.089919293299317,120.97943466156721,623.4000000000001,3.84,759.0,755,756,0.0
2026-03-28T00:40:40+00:00,507.0,5505.79,31.089863134548068,120.97937175538391,649.5,3.8407500000000003,760.5,756,757,0.5
2026-03-28T00:40:41+00:00,508.0,5514.63,31.089807143434882,120.97930524498224,681.2,3.8415,762.0,758,759,0.0
2026-03-28T00:40:42+00:00,509.0,5523.855,31.08974796719849,120.97923835739493,713.8999999999992,3.8422499999999995,763.5,759,760,0.4999999999999268
2026-03-28T00:40:43+00:00,510.0,5533.18,31.089690467342734,120.97916719503701,767.2,3.843,765.0,761,762,0.0
2026-03-28T00:40:44+00:00,511.0,5542.8150000000005,31.089628860354424,120.97909578122199,801.6000000000012,3.84375,766.5,762,763,0.5000000000000691
2026-03-28T00:40:45+00:00,512.0,5552.84,31.089566415175796,120.97902009263635,839.8,3.8445,768.0,764,765,0.0
2026-03-28T00:40:46+00:00,513.0,5563.135,31.089503969997168,120.97894033882767,874.4,3.84375,769.5,765,766,0.5
2026-03-28T00:40:47+00:00,514.0,5573.65,31.089442279189825,120.97885622642934,897.8,3.843,771.0,767,768,0.0
2026-03-28T00:40:48+00:00,515.0,5584.485000000001,31.089374176226556,120.97877441905439,932.2000000000018,3.8422499999999995,772.5,768,769,0.5000000000000611
2026-03-28T00:40:49+00:00,516.0,5595.63,31.08930573798716,120.9786893427372,970.5999999999999,3.8415,774.0,770,771,0.0
2026-03-28T00:40:50+00:00,517.0,5606.8150000000005,31.089237509295344,120.97860191948712,1012.5000000000008,3.84,775.5,771,772,0.5000000000000605
2026-03-28T00:40:51+00:00,518.0,5618.54,31.089166766032577,120.97851105965674,1054.4,3.84,777.0,773,774,0.0
2026-03-28T00:40:52+00:00,519.0,5630.4,31.089091706089675,120.9784221695736,1088.999999999999,3.8385000000000002,778.5,774,775,0.49999999999994416
2026-03-28T00:40:53+00:00,520.0,5642.4,31.089018490165472,120.97833001054823,1103.0,3.8369999999999997,780.0,776,777,0.0
2026-03-28T00:40:54+00:00,521.0,5654.59,31.08894556760788,120.9782347921282,1115.1,3.8347499999999997,781.5,777,778,0.5
2026-03-28T00:40:55+00:00,522.0,5666.87,31.088869962841272,120.97814108245075,1125.4,3.834,783.0,779,780,0.0
2026-03-28T00:40:56+00:00,523.0,5679.15,31.08879695646465,120.97804452292621,1136.6,3.8302499999999995,784.5,780,781,0.4999999999999459
2026-03-28T00:40:57+00:00,524.0,5691.59,31.088723530992866,120.97794687375426,1159.0,3.8280000000000003,786.0,782,783,0.0
2026-03-28T00:40:58+00:00,525.0,5703.905000000001,31.08864964451641,120.97785031422973,1183.2000000000012,3.82575,787.5,783,784,0.5000000000000554
2026-03-28T00:40:59+00:00,526.0,5716.62,31.088575003668666,120.97774872556329,1203.8,3.8235,789.0,785,786,0.0
2026-03-28T00:41:00+00:00,527.0,5729.5650000000005,31.088501242920756,120.97764386795461,1225.300000000001,3.8212500000000005,790.5,786,787,0.5000000000000527
2026-03-28T00:41:01+00:00,528.0,5742.65,31.088429912924767,120.97753339447081,1258.0,3.819,792.0,788,789,0.0
2026-03-28T00:41:02+00:00,529.0,5756.254999999999,31.088357367552817,120.97741994541138,1285.8999999999987,3.81525,793.5,789,790,0.4999999999999492
2026-03-28T00:41:03+00:00,530.0,5769.56,31.088287588208914,120.9773060772568,1313.8,3.8129999999999997,795.0,791,792,0.0
2026-03-28T00:41:04+00:00,531.0,5783.1849999999995,31.088219275698066,120.97718759905547,1339.0999999999988,3.8107499999999996,796.5,792,793,0.4999999999999499
2026-03-28T00:41:05+00:00,532.0,5797.0,31.088148867711425,120.97706836648285,1368.0,3.8085000000000004,798.0,794,795,0.0
2026-03-28T00:41:06+00:00,533.0,5810.96,31.088080597110093,120.97694548778236,1395.1,3.8062499999999995,799.5,795,796,0.5
2026-03-28T00:41:07+00:00,534.0,5825.11,31.088015846908092,120.97681732848287,1424.0,3.8025,801.0,797,798,0.0
2026-03-28T00:41:08+00:00,535.0,5839.445,31.087952395901084,120.97668669652194,1417.4000000000003,3.80025,802.5,798,799,0.49999999999995237
2026-03-28T00:41:09+00:00,536.0,5853.7,31.087890788912773,120.97655539400876,1418.4,3.7965,804.0,800,801,0.0
2026-03-28T00:41:10+00:00,537.0,5867.96,31.0878324508667,120.97642191220075,1404.4,3.795,805.5,801,802,0.5
2026-03-28T00:41:11+00:00,538.0,5882.05,31.087775621563196,120.97628775984049,1392.2,3.7935,807.0,803,804,0.0
2026-03-28T00:41:12+00:00,539.0,5894.6900000000005,31.087726587429643,120.97616747952998,1027.399999999978,3.792,808.5,804,805,0.5000000000000598
2026-03-28T00:41:13+00:00,540.0,5903.72,31.08769473619759,120.97608257085085,345.4,3.7905,810.0,806,807,0.0
2026-03-28T00:41:14+00:00,541.0,5907.860000000001,31.0876786429435,120.9760443912819,-57.70000000003465,3.7905,811.5,807,808,0.5000000000002445
2026-03-28T00:41:15+00:00,542.0,5910.26,31.087669422850013,120.97601962275803,-173.39999999999998,3.7905,813.0,809,810,0.0
2026-03-28T00:41:16+00:00,543.0,5912.785,31.087670428678393,120.9759928425774,-180.90000000000555,3.79125,814.5,810,811,0.4999999999997028
2026-03-28T00:41:17+00:00,544.0,5915.31,31.08767026104033,120.97596539184451,-167.8,3.7905,816.0,812,813,0.0
2026-03-28T00:41:18+00:00,545.0,5917.795,31.087669800035655,120.9759386535734,-203.3,3.792,817.5,813,814,0.5
2026-03-28T00:41:19+00:00,546.0,5920.18,31.087659783661366,120.97591459751129,-220.0,3.7905,819.0,815,816,0.0
2026-03-28T00:41:20+00:00,547.0,5921.37,31.087651485577226,120.97590822726488,-451.4,3.7897499999999997,820.5,817,818,0.0
2026-03-28T00:41:21+00:00,548.0,5921.39,31.087622735649347,120.97584276460111,-89.39999999999998,3.7905,822.0,819,820,0.0
2026-03-28T00:41:22+00:00,549.0,5921.39,31.087622735649347,120.97584276460111,-89.39999999999998,3.79005,823.5,819,820,0.0
2026-03-28T00:41:23+00:00,550.0,5921.39,31.087622735649347,120.97584276460111,-89.39999999999998,3.7895999999999996,825.0,819,820,0.0
2026-03-28T00:41:24+00:00,551.0,5921.39,31.087622735649347,120.97584276460111,-89.39999999999998,3.7891500000000002,826.5,819,820,0.0
2026-03-28T00:41:25+00:00,552.0,5923.24,31.087614856660366,120.97582432441413,-41.0,3.7889999999999997,828.0,820,821,0.0
2026-03-28T00:41:26+00:00,553.0,5927.2,31.08759670984,120.9757872344926,73.89999999999998,3.7874999999999996,829.5,821,822,0.5
2026-03-28T00:41:27+00:00,554.0,5931.65,31.087567834183574,120.97575349733233,132.60000000000002,3.786,831.0,823,824,0.0
2026-03-28T00:41:28+00:00,555.0,5936.415,31.08752781059593,120.97573639824986,125.19999999999999,3.786,832.5,824,825,0.5
2026-03-28T00:41:29+00:00,556.0,5940.91,31.087486781179905,120.97572709433734,119.60000000000002,3.786,834.0,826,827,0.0
2026-03-28T00:41:30+00:00,557.0,5945.525,31.087444913573563,120.97572240047157,51.40000000001105,3.786,835.5,827,828,0.4999999999998479
2026-03-28T00:41:31+00:00,558.0,5949.31,31.08741184696555,120.97572793252766,-104.39999999999998,3.786,837.0,829,830,0.0
2026-03-28T00:41:32+00:00,559.0,5952.12,31.087389048188925,120.97573840990663,-185.5,3.7867499999999996,838.5,830,831,0.5
2026-03-28T00:41:33+00:00,560.0,5953.95,31.087373374029994,120.97574645653367,-253.6,3.7874999999999996,840.0,832,833,0.0
2026-03-28T00:41:34+00:00,561.0,5956.110000000001,31.087354053743184,120.97575400024652,-230.29999999999737,3.7889999999999997,841.5,833,834,0.5000000000002807
2026-03-28T00:41:35+00:00,562.0,5958.53,31.087333392351866,120.97576196305454,-223.8,3.7889999999999997,843.0,835,836,0.0
2026-03-28T00:41:36+00:00,563.0,5960.21,31.087319646030664,120.97576841711998,-323.6,3.7874999999999996,844.5,836,837,0.5
2026-03-28T00:41:37+00:00,564.0,5961.36,31.087309420108795,120.97577336244285,-388.0,3.7874999999999996,846.0,838,839,0.0
2026-03-28T00:41:38+00:00,565.0,5962.28,31.087202047929168,120.97585030831397,-160.39999999999998,3.786,847.5,841,842,0.0
2026-03-28T00:41:39+00:00,566.0,5962.28,31.087202047929168,120.97585030831397,-160.39999999999998,3.7857000000000003,849.0,841,842,0.0
2026-03-28T00:41:40+00:00,567.0,5962.28,31.087202047929168,120.97585030831397,-160.39999999999998,3.7852500000000004,850.5,841,842,0.0
2026-03-28T00:41:41+00:00,568.0,5962.28,31.087202047929168,120.97585030831397,-160.39999999999998,3.7848,852.0,841,842,0.0
2026-03-28T00:41:42+00:00,569.0,5962.965,31.08719534240663,120.9758522361517,-124.89999999997642,3.78375,853.5,841,842,0.500000000000332
2026-03-28T00:41:43+00:00,570.0,5966.09,31.0871675144881,120.97585785202682,13.200000000000045,3.7829999999999995,855.0,843,844,0.0
2026-03-28T00:41:44+00:00,571.0,5970.395,31.087130340747535,120.97587088588625,203.5000000000186,3.7822499999999994,856.5,844,845,0.5000000000001606
2026-03-28T00:41:45+00:00,572.0,5976.66,31.08707749284804,120.97589573822916,401.4,3.7815,858.0,846,847,0.0
2026-03-28T00:41:46+00:00,573.0,5984.395,31.08701282646507,120.9759236080572,543.1000000000056,3.7815,859.5,847,848,0.5000000000000894
2026-03-28T00:41:47+00:00,574.0,5992.17,31.086945394054055,120.97595390863717,621.5999999999999,3.7829999999999995,861.0,849,850,0.0
2026-03-28T00:41:48+00:00,575.0,6001.695,31.086863838136196,120.97598320338875,702.7999999999972,3.7829999999999995,862.5,850,851,0.49999999999992795
2026-03-28T00:41:49+00:00,576.0,6011.44,31.086780773475766,120.97601392306387,761.5999999999999,3.7829999999999995,864.0,852,853,0.0
2026-03-28T00:41:50+00:00,577.0,6021.4349999999995,31.086696325801313,120.97605134826154,841.8000000000009,3.7829999999999995,865.5,853,854,0.499999999999932
2026-03-28T00:41:51+00:00,578.0,6031.44,31.0866114590317,120.97608919255435,875.4000000000001,3.7829999999999995,867.0,855,856,0.0
2026-03-28T00:41:52+00:00,579.0,6042.27,31.086519425734878,120.97612867131829,916.4,3.7845000000000004,868.5,856,857,0.5
2026-03-28T00:41:53+00:00,580.0,6053.15,31.086426805704832,120.9761683177203,942.5999999999999,3.7845000000000004,870.0,858,859,0.0
2026-03-28T00:41:54+00:00,581.0,6064.79,31.08632848598063,120.97620754502714,961.2,3.7852500000000004,871.5,859,860,0.5
2026-03-28T00:41:55+00:00,582.0,6076.27,31.086230166256428,120.97624618560076,951.8,3.786,873.0,861,862,0.0
2026-03-28T00:41:56+00:00,583.0,6088.085,31.086130631156266,120.9762862091884,992.0,3.7867499999999996,874.5,862,863,0.5
2026-03-28T00:41:57+00:00,584.0,6099.51,31.086033107712865,120.97632614895701,1065.6,3.7889999999999997,876.0,864,865,0.0
2026-03-28T00:41:58+00:00,585.0,6111.73,31.08592875301838,120.97636898048222,1123.499999999999,3.78825,877.5,865,866,0.49999999999994627
2026-03-28T00:41:59+00:00,586.0,6124.47,31.085820207372308,120.97641214728355,1140.4,3.7874999999999996,879.0,867,868,0.0
2026-03-28T00:42:00+00:00,587.0,6137.25,31.085714218206704,120.97645967267454,1131.0,3.786,880.5,868,869,0.5
2026-03-28T00:42:01+00:00,588.0,6149.11,31.08561309054494,120.97650384530425,1123.6,3.786,882.0,870,871,0.0
2026-03-28T00:42:02+00:00,589.0,6160.675,31.085513848811388,120.97653955221176,1026.5,3.7867499999999996,883.5,871,872,0.5
2026-03-28T00:42:03+00:00,590.0,6172.01,31.085413685068488,120.97657852806151,1067.6,3.7874999999999996,885.0,873,874,0.0
2026-03-28T00:42:04+00:00,591.0,6184.18,31.085310420021415,120.97661670763046,971.4,3.78825,886.5,874,875,0.5
2026-03-28T00:42:05+00:00,592.0,6195.47,31.08521243557334,120.97664868459105,886.5999999999999,3.7889999999999997,888.0,876,877,0.0
2026-03-28T00:42:06+00:00,593.0,6205.92,31.085121533833444,120.97667374648154,747.4999999999897,3.7897499999999997,889.5,877,878,0.5000000000000687
2026-03-28T00:42:07+00:00,594.0,6214.88,31.08504680916667,120.97670911811292,584.2,3.7905,891.0,879,880,0.0
2026-03-28T00:42:08+00:00,595.0,6222.735,31.084980382584035,120.97673937678337,452.6,3.79125,892.5,880,881,0.5
2026-03-28T00:42:09+00:00,596.0,6230.59,31.084915129467845,120.97676334902644,399.4,3.7935,894.0,882,883,0.0
2026-03-28T00:42:10+00:00,597.0,6237.485,31.084857587702572,120.97679117694497,453.6,3.7935,895.5,883,884,0.5
2026-03-28T00:42:11+00:00,598.0,6245.07,31.0847931727767,120.97682277671993,612.2,3.795,897.0,885,886,0.0
2026-03-28T00:42:12+00:00,599.0,6254.0,31.084717819467187,120.97685659769922,682.2,3.7942499999999995,898.5,886,887,0.5
2026-03-28T00:42:13+00:00,600.0,6262.86,31.08464171178639,120.97688849084079,705.5999999999999,3.7935,900.0,888,889,0.0
2026-03-28T00:42:14+00:00,601.0,6271.9400000000005,31.084564472548664,120.97691975533962,677.5999999999999,3.7927500000000003,901.5,889,890,0.5000000000000776
2026-03-28T00:42:15+00:00,602.0,6280.9,31.084486143663526,120.97694816999137,692.4000000000001,3.792,903.0,891,892,0.0
2026-03-28T00:42:16+00:00,603.0,6289.96,31.08440747950226,120.97697210032493,580.5,3.7905,904.5,892,893,0.5
2026-03-28T00:42:17+00:00,604.0,6298.2,31.084335772320628,120.97699418663979,491.0,3.7905,906.0,894,895,0.0
2026-03-28T00:42:18+00:00,605.0,6305.37,31.084272991865873,120.9770039934665,303.40000000000003,3.7889999999999997,907.5,895,896,0.5
2026-03-28T00:42:19+00:00,606.0,6311.19,31.084225047379732,120.97701841033995,143.79999999999995,3.7889999999999997,909.0,897,898,0.0
2026-03-28T00:42:20+00:00,607.0,6316.365,31.084182509221137,120.97704410087317,253.89999999998565,3.7905,910.5,898,899,0.49999999999988715
2026-03-28T00:42:21+00:00,608.0,6322.61,31.084130834788084,120.9770764131099,407.0,3.7905,912.0,900,901,0.0
2026-03-28T00:42:22+00:00,609.0,6330.6,31.084062228910625,120.97710373811424,527.300000000006,3.7897499999999997,913.5,901,902,0.5000000000000833
2026-03-28T00:42:23+00:00,610.0,6339.15,31.08399035409093,120.97713634371758,576.8,3.7889999999999997,915.0,903,904,0.0
2026-03-28T00:42:24+00:00,611.0,6347.85,31.083914414048195,120.97716295626014,608.4999999999997,3.78825,916.5,904,905,0.5000000000000766
2026-03-28T00:42:25+00:00,612.0,6356.29,31.08383947983384,120.97718244418502,509.6,3.7874999999999996,918.0,906,907,0.0
2026-03-28T00:42:26+00:00,613.0,6363.355,31.083780471235514,120.97720059100538,239.89999999999998,3.7874999999999996,919.5,907,908,0.5
2026-03-28T00:42:27+00:00,614.0,6369.11,31.083733616396785,120.97721848636866,99.0,3.7874999999999996,921.0,909,910,0.0
2026-03-28T00:42:28+00:00,615.0,6373.845,31.08369187451899,120.97723650746047,147.5,3.7889999999999997,922.5,910,911,0.5
2026-03-28T00:42:29+00:00,616.0,6379.19,31.08364795334637,120.97725620493293,196.0,3.7889999999999997,924.0,912,913,0.0
2026-03-28T00:42:30+00:00,617.0,6384.68,31.083599589765072,120.97727560903877,284.70000000001113,3.7889999999999997,925.5,913,914,0.5000000000001166
2026-03-28T00:42:31+00:00,618.0,6391.46,31.083538234233856,120.97729610279202,403.20000000000005,3.7889999999999997,927.0,915,916,0.0
2026-03-28T00:42:32+00:00,619.0,6396.17,31.083501898683608,120.97731244750321,-97.79999999999998,3.7874999999999996,928.5,916,917,0.5
2026-03-28T00:42:33+00:00,620.0,6398.68,31.08348165638745,120.97732208669186,-289.2,3.7874999999999996,930.0,918,919,0.0
2026-03-28T00:42:34+00:00,621.0,6399.91,31.08347151428461,120.97732971422374,-332.1,3.7874999999999996,931.5,919,920,0.5
2026-03-28T00:42:35+00:00,622.0,6401.52,31.083457684144378,120.97733206115663,-360.0,3.7874999999999996,933.0,921,922,0.0
2026-03-28T00:42:36+00:00,623.0,6403.0,31.08344431500882,120.9773338213563,-292.9,3.7874999999999996,934.5,922,923,0.5
2026-03-28T00:42:37+00:00,624.0,6404.45,31.083431784063578,120.97734027542174,-253.6,3.7874999999999996,936.0,924,925,0.0
2026-03-28T00:42:38+00:00,625.0,6406.395,31.0834133438766,120.97734496928751,-183.69999999999334,3.786,937.5,925,926,0.5000000000002756
2026-03-28T00:42:39+00:00,626.0,6409.08,31.083388533443213,120.97735309973359,-85.80000000000001,3.786,939.0,927,928,0.0
2026-03-28T00:42:40+00:00,627.0,6413.139999999999,31.08335131779313,120.97735833842307,4.799999999991471,3.786,940.5,928,929,0.49999999999986133
2026-03-28T00:42:41+00:00,628.0,6417.62,31.083314353600144,120.977375311777,45.0,3.786,942.0,930,931,0.0
2026-03-28T00:42:42+00:00,629.0,6422.34,31.083276593126357,120.97739362623543,101.80000000000001,3.786,943.5,931,932,0.5
2026-03-28T00:42:43+00:00,630.0,6426.89,31.083237072452903,120.97740883938968,128.79999999999995,3.786,945.0,933,934,0.0
2026-03-28T00:42:44+00:00,631.0,6431.780000000001,31.08319642022252,120.97742971032858,128.89999999999765,3.786,946.5,934,935,0.5000000000001278
2026-03-28T00:42:45+00:00,632.0,6436.63,31.08315526507795,120.97745158709586,151.20000000000005,3.786,948.0,936,937,0.0
2026-03-28T00:42:46+00:00,633.0,6442.175,31.083109457977116,120.97746893763542,141.90000000000003,3.786,949.5,937,938,0.5
2026-03-28T00:42:47+00:00,634.0,6447.48,31.083065578714013,120.97748846746981,175.60000000000002,3.786,951.0,939,940,0.0
2026-03-28T00:42:48+00:00,635.0,6452.82,31.083021238446236,120.97750833258033,237.10000000000002,3.786,952.5,940,941,0.5
2026-03-28T00:42:49+00:00,636.0,6458.55,31.082971869036555,120.97752551548183,300.6,3.786,954.0,942,943,0.0
2026-03-28T00:42:50+00:00,637.0,6464.76,31.08291608747095,120.97754190210253,377.10000000000525,3.7852500000000004,955.5,943,944,0.5000000000000997
2026-03-28T00:42:51+00:00,638.0,6471.83,31.08285393565893,120.97755753435194,405.0,3.7845000000000004,957.0,945,946,0.0
2026-03-28T00:42:52+00:00,639.0,6479.1900000000005,31.082790149375796,120.97757924348116,490.0000000000095,3.7845000000000004,958.5,946,947,0.5000000000000865
2026-03-28T00:42:53+00:00,640.0,6486.81,31.082724016159773,120.97760204225779,528.2,3.786,960.0,948,949,0.0
2026-03-28T00:42:54+00:00,641.0,6495.215,31.082652141340077,120.9776279842481,571.1,3.786,961.5,949,950,0.5
2026-03-28T00:42:55+00:00,642.0,6503.4,31.08258127234876,120.97765560261905,632.8,3.786,963.0,951,952,0.0
2026-03-28T00:42:56+00:00,643.0,6512.844999999999,31.082500889897346,120.97768368199468,670.9999999999978,3.7845000000000004,964.5,952,953,0.4999999999999312
2026-03-28T00:42:57+00:00,644.0,6521.85,31.082423022016883,120.97771192900836,690.5999999999999,3.7845000000000004,966.0,954,955,0.0
2026-03-28T00:42:58+00:00,645.0,6531.07,31.082343813031912,120.97774193622172,692.4000000000017,3.7845000000000004,967.5,955,956,0.49999999999992345
2026-03-28T00:42:59+00:00,646.0,6540.13,31.082266196608543,120.97777294926345,675.5999999999999,3.786,969.0,957,958,0.0
2026-03-28T00:43:00+00:00,647.0,6549.3099999999995,31.082187574356794,120.9778005676344,690.6000000000026,3.786,970.5,958,959,0.4999999999999216
2026-03-28T00:43:01+00:00,648.0,6558.18,31.082110377028584,120.97783028148115,696.2,3.786,972.0,960,961,0.0
2026-03-28T00:43:02+00:00,649.0,6567.17,31.082033347338438,120.9778573969379,639.3,3.786,973.5,961,962,0.5
2026-03-28T00:43:03+00:00,650.0,6575.73,31.081959418952465,120.97788350656629,601.0,3.786,975.0,963,964,0.0
2026-03-28T00:43:04+00:00,651.0,6583.764999999999,31.08189047779888,120.97791045438498,547.8000000000005,3.7874999999999996,976.5,964,965,0.49999999999990774
2026-03-28T00:43:05+00:00,652.0,6591.91,31.081822626292706,120.9779485501349,524.5999999999999,3.7874999999999996,978.0,966,967,0.0
2026-03-28T00:43:06+00:00,653.0,6600.24,31.081755361519754,120.9779887413606,472.3,3.7874999999999996,979.5,967,968,0.5
2026-03-28T00:43:07+00:00,654.0,6608.49,31.081691784784198,120.97803018987179,446.20000000000005,3.7874999999999996,981.0,969,970,0.0
2026-03-28T00:43:08+00:00,655.0,6614.845,31.08163906261325,120.97804875578731,290.3,3.7889999999999997,982.5,970,971,0.5
2026-03-28T00:43:09+00:00,656.0,6621.13,31.081583658233285,120.97805835306644,334.20000000000005,3.7889999999999997,984.0,972,973,0.0
2026-03-28T00:43:10+00:00,657.0,6627.555,31.081533199176192,120.97809246741235,408.8000000000066,3.7889999999999997,985.5,973,974,0.5000000000000978
2026-03-28T00:43:11+00:00,658.0,6634.19,31.081480979919434,120.97813085652888,474.20000000000005,3.7889999999999997,987.0,975,976,0.0
2026-03-28T00:43:12+00:00,659.0,6642.265,31.08141627162695,120.97816719207913,539.5,3.7889999999999997,988.5,976,977,0.5
2026-03-28T00:43:13+00:00,660.0,6650.32,31.08134745620191,120.97819447517395,586.0,3.7889999999999997,990.0,978,979,0.0
2026-03-28T00:43:14+00:00,661.0,6658.620000000001,31.08127784449607,120.9782241890207,612.2000000000036,3.7889999999999997,991.5,979,980,0.500000000000082
2026-03-28T00:43:15+00:00,662.0,6666.96,31.08120563440025,120.9782524779439,623.4000000000001,3.7889999999999997,993.0,981,982,0.0
2026-03-28T00:43:16+00:00,663.0,6675.605,31.08112843707204,120.9782744385302,590.8000000000029,3.7889999999999997,994.5,982,983,0.4999999999999284
2026-03-28T00:43:17+00:00,664.0,6684.77,31.081048473715782,120.97829790785909,617.8,3.7889999999999997,996.0,984,985,0.0
2026-03-28T00:43:18+00:00,665.0,6694.174999999999,31.080968342721462,120.97832632251084,637.3999999999951,3.7889999999999997,997.5,985,986,0.4999999999999286
2026-03-28T00:43:19+00:00,666.0,6703.64,31.080886954441667,120.97835255786777,677.5999999999999,3.7889999999999997,999.0,987,988,0.0
2026-03-28T00:43:20+00:00,667.0,6712.645,31.08080569189042,120.978366388008,702.7999999999995,3.7874999999999996,1000.5,988,989,0.5000000000000754
2026-03-28T00:43:21+00:00,668.0,6721.77,31.080721076577902,120.978366388008,722.4000000000001,3.786,1002.0,990,991,0.0
2026-03-28T00:43:22+00:00,669.0,6730.875,31.080636545084417,120.97837741021067,691.5,3.7874999999999996,1003.5,991,992,0.5
2026-03-28T00:43:23+00:00,670.0,6739.28,31.080560814589262,120.97840603441,752.2,3.7874999999999996,1005.0,993,994,0.0
2026-03-28T00:43:24+00:00,671.0,6746.875,31.08050134498626,120.97844027448446,524.5,3.7874999999999996,1006.5,994,995,0.5
2026-03-28T00:43:25+00:00,672.0,6754.57,31.08044296503067,120.97847803495824,606.5999999999999,3.7874999999999996,1008.0,996,997,0.0
2026-03-28T00:43:26+00:00,673.0,6765.375,31.080354158766568,120.97852514125407,641.1,3.7867499999999996,1009.5,997,998,0.5
2026-03-28T00:43:27+00:00,674.0,6777.54,31.08025923371315,120.97858113236725,763.4000000000001,3.786,1011.0,999,1000,0.0
2026-03-28T00:43:28+00:00,675.0,6787.835,31.080182287842035,120.97863368690014,749.4,3.786,1012.5,1000,1001,0.5
2026-03-28T00:43:29+00:00,676.0,6796.96,31.08011364005506,120.97868557088077,739.2,3.786,1014.0,1002,1003,0.0
2026-03-28T00:43:30+00:00,677.0,6805.8099999999995,31.080043148249388,120.9787321742624,699.900000000005,3.7874999999999996,1015.5,1003,1004,0.49999999999992184
2026-03-28T00:43:31+00:00,678.0,6815.05,31.079969806596637,120.97877659834921,655.2,3.7889999999999997,1017.0,1005,1006,0.0
2026-03-28T00:43:32+00:00,679.0,6823.96,31.079898099415004,120.97882483620197,707.4,3.7889999999999997,1018.5,1006,1007,0.5
2026-03-28T00:43:33+00:00,680.0,6833.67,31.07982002198696,120.97887072712183,716.8,3.7889999999999997,1020.0,1008,1009,0.0
2026-03-28T00:43:34+00:00,681.0,6843.29,31.079743076115847,120.97891603130847,682.1999999999999,3.7905,1021.5,1009,1010,0.5
2026-03-28T00:43:35+00:00,682.0,6852.86,31.07966646552086,120.9789570607245,664.4000000000001,3.7905,1023.0,1011,1012,0.0
2026-03-28T00:43:36+00:00,683.0,6861.54,31.079596476629376,120.97899712622166,663.5,3.792,1024.5,1012,1013,0.5
2026-03-28T00:43:37+00:00,684.0,6870.09,31.07952925376594,120.9790413826704,662.5999999999999,3.792,1026.0,1014,1015,0.0
2026-03-28T00:43:38+00:00,685.0,6878.57,31.07946098316461,120.97908140625805,665.4,3.7927500000000003,1027.5,1015,1016,0.5
2026-03-28T00:43:39+00:00,686.0,6887.17,31.079390281811357,120.9791211783886,698.0,3.792,1029.0,1017,1018,0.0
2026-03-28T00:43:40+00:00,687.0,6896.42,31.079315557144582,120.97916618920863,738.200000000002,3.79125,1030.5,1018,1019,0.5000000000000704
2026-03-28T00:43:41+00:00,688.0,6906.26,31.079238820821047,120.97921547479928,759.5999999999999,3.7905,1032.0,1020,1021,0.0
2026-03-28T00:43:42+00:00,689.0,6915.58,31.079167490825057,120.97926756832749,722.3000000000001,3.78825,1033.5,1021,1022,0.5
2026-03-28T00:43:43+00:00,690.0,6924.84,31.079101860523224,120.97932519391179,685.0,3.7874999999999996,1035.0,1023,1024,0.0
2026-03-28T00:43:44+00:00,691.0,6933.27,31.079051569104195,120.97939254250377,659.799999999999,3.786,1036.5,1024,1025,0.5000000000000818
2026-03-28T00:43:45+00:00,692.0,6941.78,31.079001110047102,120.97946047782898,627.2,3.786,1038.0,1026,1027,0.0
2026-03-28T00:43:46+00:00,693.0,6949.995,31.078951111994684,120.97952334210277,587.0,3.786,1039.5,1027,1028,0.5
2026-03-28T00:43:47+00:00,694.0,6957.91,31.078899772837758,120.97958193160594,554.4000000000001,3.786,1041.0,1029,1030,0.0
2026-03-28T00:43:48+00:00,695.0,6965.9349999999995,31.07884311117232,120.97963318694383,552.4999999999984,3.786,1042.5,1030,1031,0.49999999999991596
2026-03-28T00:43:49+00:00,696.0,6973.93,31.07879189774394,120.97969139926136,602.8,3.786,1044.0,1032,1033,0.0
2026-03-28T00:43:50+00:00,697.0,6982.030000000001,31.07874345034361,120.97975736483932,636.3999999999982,3.7852500000000004,1045.5,1033,1034,0.5000000000000809
2026-03-28T00:43:51+00:00,698.0,6990.34,31.07869617640972,120.97982500679791,588.0,3.7845000000000004,1047.0,1035,1036,0.0
2026-03-28T00:43:52+00:00,699.0,6998.625,31.078654266893864,120.97989558242261,576.8000000000001,3.7845000000000004,1048.5,1036,1037,0.5
2026-03-28T00:43:53+00:00,700.0,7005.99,31.078622583299875,120.9799669124186,526.4000000000001,3.7845000000000004,1050.0,1038,1039,0.0
2026-03-28T00:43:54+00:00,701.0,7013.055,31.07859471347183,120.98003233317286,300.5999999999827,3.78375,1051.5,1039,1040,0.5000000000001107
2026-03-28T00:43:55+00:00,702.0,7019.01,31.078569190576673,120.98008551634848,160.60000000000002,3.7829999999999995,1053.0,1041,1042,0.0
2026-03-28T00:43:56+00:00,703.0,7024.325,31.07854949310422,120.98013610113412,212.79999999999995,3.78375,1054.5,1042,1043,0.5
2026-03-28T00:43:57+00:00,704.0,7030.06,31.07852996326983,120.98019137978554,295.0,3.7845000000000004,1056.0,1044,1045,0.0
2026-03-28T00:43:58+00:00,705.0,7036.1900000000005,31.078513534739614,120.98025244195014,358.4000000000072,3.7845000000000004,1057.5,1045,1046,0.5000000000001072
2026-03-28T00:43:59+00:00,706.0,7042.71,31.078487131744623,120.98031492903829,446.20000000000005,3.7845000000000004,1059.0,1047,1048,0.0
2026-03-28T00:44:00+00:00,707.0,7050.285,31.07845134101808,120.98038148134947,516.0999999999999,3.7845000000000004,1060.5,1048,1049,0.5
2026-03-28T00:44:01+00:00,708.0,7058.1,31.078417478129268,120.980454236269,599.2,3.7845000000000004,1062.0,1050,1051,0.0
2026-03-28T00:44:02+00:00,709.0,7066.665,31.078382399864495,120.98053499590605,644.8,3.7845000000000004,1063.5,1051,1052,0.5
2026-03-28T00:44:03+00:00,710.0,7075.79,31.078345142304897,120.98061910830438,685.0,3.7845000000000004,1065.0,1053,1054,0.0
2026-03-28T00:44:04+00:00,711.0,7084.915,31.078311949968338,120.9807074116543,725.1999999999999,3.7829999999999995,1066.5,1054,1055,0.5
2026-03-28T00:44:05+00:00,712.0,7094.41,31.07827733270824,120.98079814575613,742.8,3.7829999999999995,1068.0,1056,1057,0.0
2026-03-28T00:44:06+00:00,713.0,7103.67,31.078243511728942,120.98088623955846,701.7999999999965,3.7815,1069.5,1057,1058,0.5000000000000774
2026-03-28T00:44:07+00:00,714.0,7112.37,31.07821438461542,120.98097148351371,655.2,3.7815,1071.0,1059,1060,0.0
2026-03-28T00:44:08+00:00,715.0,7120.95,31.078176791779697,120.98105052486062,607.5,3.7815,1072.5,1060,1061,0.5
2026-03-28T00:44:09+00:00,716.0,7129.28,31.078144563362002,120.98112981766462,582.4000000000001,3.7829999999999995,1074.0,1062,1063,0.0
2026-03-28T00:44:10+00:00,717.0,7137.56,31.078111119568348,120.9812071826309,549.6999999999999,3.7829999999999995,1075.5,1063,1064,0.5
2026-03-28T00:44:11+00:00,718.0,7145.58,31.078080525621772,120.98128261975944,498.4,3.7845000000000004,1077.0,1065,1066,0.0
2026-03-28T00:44:12+00:00,719.0,7152.995000000001,31.07805261388421,120.98135382402688,467.5999999999974,3.7845000000000004,1078.5,1066,1067,0.5000000000000934
2026-03-28T00:44:13+00:00,720.0,7160.59,31.07802369631827,120.98142435774207,440.6,3.7845000000000004,1080.0,1068,1069,0.0
2026-03-28T00:44:14+00:00,721.0,7167.015,31.07799716759473,120.9814852103591,377.1,3.7845000000000004,1081.5,1069,1070,0.5
2026-03-28T00:44:15+00:00,722.0,7173.41,31.077969800680876,120.98154463805258,328.6,3.786,1083.0,1071,1072,0.0
2026-03-28T00:44:16+00:00,723.0,7179.639999999999,31.07794557698071,120.98160368856043,289.40000000000293,3.7852500000000004,1084.5,1072,1073,0.4999999999998874
2026-03-28T00:44:17+00:00,724.0,7186.03,31.07791875489056,120.98166164942086,285.6,3.786,1086.0,1074,1075,0.0
2026-03-28T00:44:18+00:00,725.0,7192.005,31.07789993751794,120.98171973600984,297.8,3.786,1087.5,1075,1076,0.5
2026-03-28T00:44:19+00:00,726.0,7197.45,31.07788296416402,120.98177346400917,246.39999999999998,3.786,1089.0,1077,1078,0.0
2026-03-28T00:44:20+00:00,727.0,7202.99,31.07786037493497,120.9818261442706,239.0,3.786,1090.5,1078,1079,0.5
2026-03-28T00:44:21+00:00,728.0,7208.86,31.077841222286224,120.9818821772933,246.39999999999998,3.786,1092.0,1080,1081,0.0
2026-03-28T00:44:22+00:00,729.0,7214.195,31.077818465419114,120.98193288780749,253.89999999999912,3.7874999999999996,1093.5,1081,1082,0.49999999999987743
2026-03-28T00:44:23+00:00,730.0,7220.02,31.07779646292329,120.98198879510164,282.0,3.7874999999999996,1095.0,1083,1084,0.0
2026-03-28T00:44:24+00:00,731.0,7226.295,31.077777100726962,120.98204927053303,292.2,3.7874999999999996,1096.5,1084,1085,0.5
2026-03-28T00:44:25+00:00,732.0,7232.23,31.077760253101587,120.98210832104087,324.79999999999995,3.7889999999999997,1098.0,1086,1087,0.0
2026-03-28T00:44:26+00:00,733.0,7238.825,31.07772794086486,120.98216661717743,374.3,3.7889999999999997,1099.5,1087,1088,0.5
2026-03-28T00:44:27+00:00,734.0,7245.63,31.077697221189737,120.98222776316106,407.0,3.7889999999999997,1101.0,1089,1090,0.0
2026-03-28T00:44:28+00:00,735.0,7252.53,31.07766947709024,120.98229192662984,445.2,3.7897499999999997,1102.5,1090,1091,0.5
2026-03-28T00:44:29+00:00,736.0,7259.5,31.077638883143663,120.98235667683184,472.20000000000005,3.7905,1104.0,1092,1093,0.0
2026-03-28T00:44:30+00:00,737.0,7267.264999999999,31.077607073821127,120.98242955747992,519.8999999999992,3.7905,1105.5,1093,1094,0.49999999999991435
2026-03-28T00:44:31+00:00,738.0,7275.17,31.077575432136655,120.98250302486122,513.4,3.7905,1107.0,1095,1096,0.0
2026-03-28T00:44:32+00:00,739.0,7282.675,31.077545676380396,120.98257443867624,504.9,3.79125,1108.5,1096,1097,0.5
2026-03-28T00:44:33+00:00,740.0,7290.4,31.077517345547676,120.98264685831964,476.0,3.792,1110.0,1098,1099,0.0
2026-03-28T00:44:34+00:00,741.0,7297.66,31.077491026371717,120.98271718248725,498.40000000000003,3.792,1111.5,1099,1100,0.5
2026-03-28T00:44:35+00:00,742.0,7305.22,31.077461605891585,120.98278725519776,487.20000000000005,3.792,1113.0,1101,1102,0.0
2026-03-28T00:44:36+00:00,743.0,7312.4,31.077434993349016,120.98285808227956,505.90000000000174,3.79125,1114.5,1102,1103,0.49999999999990796
2026-03-28T00:44:37+00:00,744.0,7320.33,31.07740318402648,120.98293108865619,517.0,3.7905,1116.0,1104,1105,0.0
2026-03-28T00:44:38+00:00,745.0,7327.51,31.077375481836498,120.98300149664283,506.80000000000155,3.7897499999999997,1117.5,1105,1106,0.5000000000000903
2026-03-28T00:44:39+00:00,746.0,7335.51,31.077344426885247,120.98307802341878,519.0,3.7889999999999997,1119.0,1107,1108,0.0
2026-03-28T00:44:40+00:00,747.0,7343.639999999999,31.077313707210124,120.98315362818539,515.1999999999956,3.7889999999999997,1120.5,1108,1109,0.4999999999999158
2026-03-28T00:44:41+00:00,748.0,7351.62,31.077283574268222,120.98323040641844,561.8,3.7874999999999996,1122.0,1110,1111,0.0
2026-03-28T00:44:42+00:00,749.0,7360.17,31.07724656816572,120.98330915439874,592.6,3.7867499999999996,1123.5,1111,1112,0.5
2026-03-28T00:44:43+00:00,750.0,7368.66,31.07721501030028,120.98338781856,571.2,3.786,1125.0,1113,1114,0.0
2026-03-28T00:44:44+00:00,751.0,7376.525,31.07719032559544,120.98346644081175,574.7999999999992,3.786,1126.5,1114,1115,0.49999999999991807
2026-03-28T00:44:45+00:00,752.0,7385.28,31.077152816578746,120.98354481160641,610.4000000000001,3.7845000000000004,1128.0,1116,1117,0.0
2026-03-28T00:44:46+00:00,753.0,7393.525,31.07711643911898,120.98362226039171,656.999999999997,3.7845000000000004,1129.5,1117,1118,0.4999999999999212
2026-03-28T00:44:47+00:00,754.0,7402.54,31.07707721181214,120.98370666615665,718.5999999999999,3.7845000000000004,1131.0,1119,1120,0.0
2026-03-28T00:44:48+00:00,755.0,7411.68,31.077041504904628,120.98379153292626,671.8999999999996,3.7845000000000004,1132.5,1120,1121,0.5000000000000776
2026-03-28T00:44:49+00:00,756.0,7420.5,31.07700504362583,120.98387463949621,649.5999999999999,3.7845000000000004,1134.0,1122,1123,0.0
2026-03-28T00:44:50+00:00,757.0,7429.51,31.076971013098955,120.9839602606371,628.0999999999973,3.7829999999999995,1135.5,1123,1124,0.5000000000000776
2026-03-28T00:44:51+00:00,758.0,7438.14,31.07693807221949,120.98404210992157,584.2,3.7829999999999995,1137.0,1125,1126,0.0
2026-03-28T00:44:52+00:00,759.0,7446.405000000001,31.076904670335352,120.98411964252591,542.2999999999961,3.7829999999999995,1138.5,1126,1127,0.5000000000000835
2026-03-28T00:44:53+00:00,760.0,7454.32,31.076872861012816,120.98419248126447,468.6,3.7829999999999995,1140.0,1128,1129,0.0
2026-03-28T00:44:54+00:00,761.0,7461.965,31.076842853799462,120.9842654876411,483.5,3.7829999999999995,1141.5,1129,1130,0.5
2026-03-28T00:44:55+00:00,762.0,7469.43,31.07681443914771,120.9843379072845,455.4,3.7829999999999995,1143.0,1131,1132,0.0
2026-03-28T00:44:56+00:00,763.0,7476.07,31.076784683391452,120.98439662251621,229.70000000001886,3.78375,1144.5,1132,1133,0.49999999999989014
2026-03-28T00:44:57+00:00,764.0,7481.49,31.076762387529016,120.984444944188,95.20000000000005,3.7845000000000004,1146.0,1134,1135,0.0
2026-03-28T00:44:58+00:00,765.0,7485.66,31.07674583327025,120.98448605742306,45.00000000000003,3.7845000000000004,1147.5,1135,1136,0.5
2026-03-28T00:44:59+00:00,766.0,7489.55,31.07672441750765,120.98451971076429,-55.80000000000001,3.7845000000000004,1149.0,1137,1138,0.0
2026-03-28T00:45:00+00:00,767.0,7492.67,31.07670031953603,120.98453442100435,-166.9000000000061,3.7829999999999995,1150.5,1138,1139,0.5000000000002953
2026-03-28T00:45:01+00:00,768.0,7495.07,31.076678736135364,120.98454410210252,-156.60000000000002,3.7829999999999995,1152.0,1140,1141,0.0
2026-03-28T00:45:02+00:00,769.0,7496.94,31.07666167896241,120.98453945014626,-220.0,3.7822499999999994,1153.5,1141,1142,0.5
2026-03-28T00:45:03+00:00,770.0,7498.13,31.07665551826358,120.98452909849584,-436.6,3.7815,1155.0,1143,1144,0.0
2026-03-28T00:45:04+00:00,771.0,7498.46,31.076574716717005,120.98450143821537,-82.0,3.78435,1156.5,1145,1146,0.0
2026-03-28T00:45:05+00:00,772.0,7498.46,31.076574716717005,120.98450143821537,-82.0,3.7839,1158.0,1145,1146,0.0
2026-03-28T00:45:06+00:00,773.0,7498.46,31.076574716717005,120.98450143821537,-82.0,3.78345,1159.5,1145,1146,0.0
2026-03-28T00:45:07+00:00,774.0,7498.46,31.076574716717005,120.98450143821537,-82.0,3.7829999999999995,1161.0,1145,1146,0.0
2026-03-28T00:45:08+00:00,775.0,7501.0599999999995,31.076551624573767,120.98448941018432,-65.20000000000756,3.7829999999999995,1162.5,1146,1147,0.49999999999974737
2026-03-28T00:45:09+00:00,776.0,7505.04,31.076518893241882,120.9844705928117,24.399999999999977,3.7829999999999995,1164.0,1148,1149,0.0
2026-03-28T00:45:10+00:00,777.0,7510.0650000000005,31.07647622935474,120.98445571493357,139.20000000000775,3.7845000000000004,1165.5,1149,1150,0.500000000000126
2026-03-28T00:45:11+00:00,778.0,7515.21,31.07643222436309,120.98444092087448,216.60000000000002,3.7845000000000004,1167.0,1151,1152,0.0
2026-03-28T00:45:12+00:00,779.0,7520.93,31.076381555758417,120.98442470189184,305.3000000000038,3.7845000000000004,1168.5,1152,1153,0.5000000000001078
2026-03-28T00:45:13+00:00,780.0,7527.17,31.076324936002493,120.98441661335528,371.4,3.7845000000000004,1170.0,1154,1155,0.0
2026-03-28T00:45:14+00:00,781.0,7534.17,31.076264712028205,120.98440894391388,350.1,3.7845000000000004,1171.5,1155,1156,0.5
2026-03-28T00:45:15+00:00,782.0,7539.34,31.07621530070901,120.98439926281571,69.20000000000005,3.786,1173.0,1157,1158,0.0
2026-03-28T00:45:16+00:00,783.0,7542.68,31.076171044260263,120.98438677377999,-83.00000000002433,3.7867499999999996,1174.5,1158,1159,0.5000000000002555
2026-03-28T00:45:17+00:00,784.0,7545.9,31.07613910920918,120.98436841741204,-63.39999999999998,3.7889999999999997,1176.0,1160,1161,0.0
2026-03-28T00:45:18+00:00,785.0,7550.5,31.07611178420484,120.98435538355261,151.3,3.7889999999999997,1177.5,1161,1162,0.5
2026-03-28T00:45:19+00:00,786.0,7556.48,31.076085465028882,120.9843413438648,345.4,3.7889999999999997,1179.0,1163,1164,0.0
2026-03-28T00:45:20+00:00,787.0,7561.635,31.07606182806194,120.98432994447649,271.59999999999997,3.7889999999999997,1180.5,1164,1165,0.5
2026-03-28T00:45:21+00:00,788.0,7570.957714285714,31.07598494924605,120.98431520190623,278.0799999999996,3.7889999999999997,1182.0,1165,1166,0.028571428571427387
2026-03-28T00:45:22+00:00,789.0,7582.249285714286,31.075883083976805,120.9842996259353,292.0000000000001,3.7889999999999997,1183.5,1165,1166,0.07142857142857192
2026-03-28T00:45:23+00:00,790.0,7593.540857142857,31.07578121870756,120.98428404996437,305.9199999999995,3.7889999999999997,1185.0,1165,1166,0.114285714285713
2026-03-28T00:45:24+00:00,791.0,7604.832428571429,31.075679353438318,120.98426847399345,319.8400000000001,3.7889999999999997,1186.5,1165,1166,0.15714285714285753
2026-03-28T00:45:25+00:00,792.0,7616.124,31.075577488169074,120.98425289802253,333.7599999999995,3.7889999999999997,1188.0,1165,1166,0.19999999999999862
2026-03-28T00:45:26+00:00,793.0,7627.415571428572,31.07547562289983,120.98423732205161,347.68000000000006,3.7889999999999997,1189.5,1165,1166,0.24285714285714316
2026-03-28T00:45:27+00:00,794.0,7638.707142857143,31.075373757630587,120.98422174608069,361.59999999999945,3.7889999999999997,1191.0,1165,1166,0.28571428571428426
2026-03-28T00:45:28+00:00,795.0,7649.998714285714,31.075271892361343,120.98420617010977,375.52,3.7889999999999997,1192.5,1165,1166,0.3285714285714288
2026-03-28T00:45:29+00:00,796.0,7661.290285714285,31.0751700270921,120.98419059413884,389.43999999999943,3.7889999999999997,1194.0,1165,1166,0.37142857142856983
2026-03-28T00:45:30+00:00,797.0,7672.581857142857,31.075068161822855,120.98417501816792,403.35999999999996,3.7889999999999997,1195.5,1165,1166,0.41428571428571437
2026-03-28T00:45:31+00:00,798.0,7683.873428571428,31.07496629655361,120.984159442197,417.2799999999994,3.7889999999999997,1197.0,1165,1166,0.45714285714285546
2026-03-28T00:45:32+00:00,799.0,7695.165,31.074864431284368,120.98414386622608,431.19999999999993,3.7889999999999997,1198.5,1165,1166,0.5
2026-03-28T00:45:33+00:00,800.0,7706.456571428571,31.074762566015124,120.98412829025516,445.1199999999993,3.7889999999999997,1200.0,1165,1166,0.542857142857141
2026-03-28T00:45:34+00:00,801.0,7717.748142857143,31.07466070074588,120.98411271428424,459.0399999999999,3.7889999999999997,1201.5,1165,1166,0.5857142857142856
2026-03-28T00:45:35+00:00,802.0,7729.039714285715,31.074558835476637,120.98409713831332,472.96000000000043,3.7889999999999997,1203.0,1165,1166,0.6285714285714301
2026-03-28T00:45:36+00:00,803.0,7740.3312857142855,31.074456970207393,120.98408156234238,486.8799999999999,3.7889999999999997,1204.5,1165,1166,0.6714285714285713
2026-03-28T00:45:37+00:00,804.0,7751.622857142857,31.07435510493815,120.98406598637146,500.8000000000004,3.7889999999999997,1206.0,1165,1166,0.7142857142857157
2026-03-28T00:45:38+00:00,805.0,7762.914428571428,31.074253239668906,120.98405041040054,514.7199999999998,3.7889999999999997,1207.5,1165,1166,0.7571428571428569
2026-03-28T00:45:39+00:00,806.0,7774.206,31.074151374399662,120.98403483442962,528.6400000000003,3.7889999999999997,1209.0,1165,1166,0.8000000000000014
2026-03-28T00:45:40+00:00,807.0,7785.497571428571,31.07404950913042,120.9840192584587,542.5599999999997,3.7889999999999997,1210.5,1165,1166,0.8428571428571424
2026-03-28T00:45:41+00:00,808.0,7796.789142857143,31.073947643861175,120.98400368248778,556.4800000000004,3.7889999999999997,1212.0,1165,1166,0.885714285714287
2026-03-28T00:45:42+00:00,809.0,7808.080714285714,31.07384577859193,120.98398810651686,570.3999999999997,3.7889999999999997,1213.5,1165,1166,0.928571428571428
2026-03-28T00:45:43+00:00,810.0,7819.372285714286,31.073743913322687,120.98397253054593,584.3200000000003,3.7889999999999997,1215.0,1165,1166,0.9714285714285726
2026-03-28T00:45:44+00:00,811.0,7827.96,31.0736643942073,120.98396000918001,672.0,3.78825,1216.5,1166,1167,0.5
2026-03-28T00:45:45+00:00,812.0,7838.31,31.07357290573418,120.98393465392292,920.2,3.7874999999999996,1218.0,1168,1169,0.0
2026-03-28T00:45:46+00:00,813.0,7850.59,31.073473789729178,120.98388205748051,951.8,3.7852500000000004,1219.5,1169,1170,0.5
2026-03-28T00:45:47+00:00,814.0,7861.38,31.073400070890784,120.98380766808987,879.0,3.7845000000000004,1221.0,1171,1172,0.0
2026-03-28T00:45:48+00:00,815.0,7871.15,31.073351413942873,120.98372204694897,809.1000000000008,3.7867499999999996,1222.5,1172,1173,0.49999999999992895
2026-03-28T00:45:49+00:00,816.0,7880.64,31.07331340201199,120.98363156430423,795.2,3.7889999999999997,1224.0,1174,1175,0.0
2026-03-28T00:45:50+00:00,817.0,7890.58,31.07327547390014,120.98353772889823,782.1,3.79125,1225.5,1175,1176,0.5
2026-03-28T00:45:51+00:00,818.0,7899.92,31.073239808902144,120.98344825208187,772.8,3.7935,1227.0,1177,1178,0.0
2026-03-28T00:45:52+00:00,819.0,7909.6,31.073198234662414,120.98335940390825,750.3,3.79575,1228.5,1178,1179,0.5
2026-03-28T00:45:53+00:00,820.0,7919.38,31.073158169165254,120.98326921463013,733.5999999999999,3.798,1230.0,1180,1181,0.0
2026-03-28T00:45:54+00:00,821.0,7928.075000000001,31.073124976828694,120.98318585660309,709.2999999999994,3.8009999999999997,1231.5,1181,1182,0.5000000000000764
2026-03-28T00:45:55+00:00,822.0,7936.95,31.073090191930532,120.98310090601444,692.4000000000001,3.8040000000000003,1233.0,1183,1184,0.0
2026-03-28T00:45:56+00:00,823.0,7946.13,31.07305482029915,120.98301494959742,685.0,3.8055,1234.5,1184,1185,0.5
2026-03-28T00:45:57+00:00,824.0,7955.07,31.07301685027778,120.98293335177004,662.5999999999999,3.8069999999999995,1236.0,1186,1187,0.0
2026-03-28T00:45:58+00:00,825.0,7963.67,31.072981017641723,120.98285347223282,627.1,3.8092500000000005,1237.5,1187,1188,0.5
2026-03-28T00:45:59+00:00,826.0,7972.24,31.072950130328536,120.98277107812464,602.8,3.8114999999999997,1239.0,1189,1190,0.0
2026-03-28T00:46:00+00:00,827.0,7980.425,31.072918907739222,120.98269329406321,577.5999999999999,3.8137499999999998,1240.5,1190,1191,0.5
2026-03-28T00:46:01+00:00,828.0,7988.18,31.0728863440454,120.98262028768659,537.5999999999999,3.816,1242.0,1192,1193,0.0
2026-03-28T00:46:02+00:00,829.0,7996.1900000000005,31.072851475328207,120.98254673648626,509.59999999999934,3.8167500000000003,1243.5,1193,1194,0.5000000000000858
2026-03-28T00:46:03+00:00,830.0,8004.08,31.07282138429582,120.98247326910496,459.20000000000005,3.819,1245.0,1195,1196,0.0
2026-03-28T00:46:04+00:00,831.0,8011.09,31.072793304920197,120.98240659106523,458.3,3.81975,1246.5,1196,1197,0.5
2026-03-28T00:46:05+00:00,832.0,8018.61,31.072759442031384,120.9823383204639,507.79999999999995,3.8205,1248.0,1198,1199,0.0
2026-03-28T00:46:06+00:00,833.0,8026.21,31.072730273008347,120.98226636182517,530.2,3.822,1249.5,1199,1200,0.5
2026-03-28T00:46:07+00:00,834.0,8034.05,31.07270068489015,120.98219180479646,554.4000000000001,3.822,1251.0,1201,1202,0.0
2026-03-28T00:46:08+00:00,835.0,8042.305,31.072675748728216,120.98210949450731,598.200000000003,3.8205,1252.5,1202,1203,0.5000000000000775
2026-03-28T00:46:09+00:00,836.0,8051.14,31.07265416532755,120.98202081397176,640.2,3.8205,1254.0,1204,1205,0.0
2026-03-28T00:46:10+00:00,837.0,8060.085,31.072638910263777,120.9819294931367,676.6,3.81975,1255.5,1205,1206,0.5
2026-03-28T00:46:11+00:00,838.0,8068.96,31.07262876816094,120.98183733411133,701.8,3.819,1257.0,1207,1208,0.0
2026-03-28T00:46:12+00:00,839.0,8077.83,31.072626672685146,120.98174463026226,704.6,3.8182499999999995,1258.5,1208,1209,0.5
2026-03-28T00:46:13+00:00,840.0,8086.9,31.07261954806745,120.98164974711835,722.4000000000001,3.8175,1260.0,1210,1211,0.0
2026-03-28T00:46:14+00:00,841.0,8096.045,31.072613345459104,120.98155448678881,733.6,3.816,1261.5,1211,1212,0.5
2026-03-28T00:46:15+00:00,842.0,8105.17,31.07260337099433,120.98145872354507,724.2,3.8145000000000002,1263.0,1213,1214,0.0
2026-03-28T00:46:16+00:00,843.0,8114.530000000001,31.072590043768287,120.98136262502521,720.4999999999997,3.8137499999999998,1264.5,1214,1215,0.5000000000000753
2026-03-28T00:46:17+00:00,844.0,8124.03,31.072575710713863,120.98126443102956,769.0,3.8114999999999997,1266.0,1216,1217,0.0
2026-03-28T00:46:18+00:00,845.0,8133.99,31.07255630660802,120.9811620041728,846.4,3.8107499999999996,1267.5,1217,1218,0.5
2026-03-28T00:46:19+00:00,846.0,8144.4,31.07253254391253,120.98105630837381,895.8,3.8085000000000004,1269.0,1219,1220,0.0
2026-03-28T00:46:20+00:00,847.0,8155.17,31.07250534463674,120.98094717599452,940.7,3.80775,1270.5,1220,1221,0.5
2026-03-28T00:46:21+00:00,848.0,8166.3,31.072470685467124,120.98083804361522,966.8,3.8069999999999995,1272.0,1222,1223,0.0
2026-03-28T00:46:22+00:00,849.0,8177.200000000001,31.072425548918545,120.98073582630605,960.2999999999985,3.8047500000000003,1273.5,1223,1224,0.5000000000000637
2026-03-28T00:46:23+00:00,850.0,8188.13,31.072379406541586,120.98063520155847,905.2,3.8025,1275.0,1225,1226,0.0
2026-03-28T00:46:24+00:00,851.0,8198.39,31.072333473712206,120.98054124042392,838.9000000000001,3.80175,1276.5,1226,1227,0.5
2026-03-28T00:46:25+00:00,852.0,8208.39,31.072283601388335,120.98045457154512,769.0,3.8025,1278.0,1228,1229,0.0
2026-03-28T00:46:26+00:00,853.0,8217.855,31.072231926955283,120.98037578165531,727.0000000000047,3.80325,1279.5,1229,1230,0.4999999999998526
2026-03-28T00:46:27+00:00,854.0,8226.98,31.072182347998023,120.98029959015548,681.2,3.8040000000000003,1281.0,1231,1232,0.0
2026-03-28T00:46:28+00:00,855.0,8235.955,31.072128829546273,120.98022901453078,681.3,3.8047500000000003,1282.5,1232,1233,0.5
2026-03-28T00:46:29+00:00,856.0,8244.86,31.07207120396197,120.98016330040991,688.8,3.8055,1284.0,1234,1235,0.0
2026-03-28T00:46:30+00:00,857.0,8254.154999999999,31.07200825586915,120.98010051995516,722.2999999999977,3.8055,1285.5,1235,1236,0.4999999999998511
2026-03-28T00:46:31+00:00,858.0,8263.16,31.071943128481507,120.98004318773746,744.8,3.8040000000000003,1287.0,1237,1238,0.0
2026-03-28T00:46:32+00:00,859.0,8272.630000000001,31.071876282803714,120.97998099401593,780.2000000000048,3.80325,1288.5,1238,1239,0.5000000000001408
2026-03-28T00:46:33+00:00,860.0,8282.43,31.071811113506556,120.97991125658154,817.4000000000001,3.8009999999999997,1290.0,1240,1241,0.0
2026-03-28T00:46:34+00:00,861.0,8292.585,31.071748500689864,120.97983405925333,853.8999999999972,3.7987499999999996,1291.5,1241,1242,0.4999999999998672
2026-03-28T00:46:35+00:00,862.0,8302.92,31.07168764807284,120.97975132986903,895.8,3.7965,1293.0,1243,1244,0.0
2026-03-28T00:46:36+00:00,863.0,8313.689999999999,31.07162419706583,120.979666672647,907.9999999999998,3.7942499999999995,1294.5,1244,1245,0.49999999999987504
2026-03-28T00:46:37+00:00,864.0,8324.22,31.07156510464847,120.97958084195852,918.2,3.792,1296.0,1246,1247,0.0
2026-03-28T00:46:38+00:00,865.0,8334.45,31.071522356942296,120.9794851206243,894.8999999999959,3.79125,1297.5,1247,1248,0.5000000000001303
2026-03-28T00:46:39+00:00,866.0,8344.62,31.071490086615086,120.97938571125269,856.5999999999999,3.7905,1299.0,1249,1250,0.0
2026-03-28T00:46:40+00:00,867.0,8354.52,31.071459953673184,120.97928785253316,803.4999999999935,3.79125,1300.5,1250,1251,0.5000000000001382
2026-03-28T00:46:41+00:00,868.0,8364.11,31.071427473798394,120.97919560968876,724.2,3.792,1302.0,1252,1253,0.0
2026-03-28T00:46:42+00:00,869.0,8372.84,31.07139423955232,120.9791108686477,675.7,3.7942499999999995,1303.5,1253,1254,0.5
2026-03-28T00:46:43+00:00,870.0,8381.68,31.071363100782037,120.97902562469244,625.2,3.7965,1305.0,1255,1256,0.0
2026-03-28T00:46:44+00:00,871.0,8389.99,31.07133351266384,120.97894637379795,581.4,3.798,1306.5,1256,1257,0.5
2026-03-28T00:46:45+00:00,872.0,8397.95,31.071299146860838,120.97887340933084,547.0,3.7995,1308.0,1258,1259,0.0
2026-03-28T00:46:46+00:00,873.0,8405.47,31.071265283972025,120.97880539018661,483.40000000000003,3.80175,1309.5,1259,1260,0.5
2026-03-28T00:46:47+00:00,874.0,8412.66,31.071233516559005,120.97873963415623,461.0,3.8040000000000003,1311.0,1261,1262,0.0
2026-03-28T00:46:48+00:00,875.0,8419.52,31.0712078679353,120.97867371048778,429.29999999999995,3.8062499999999995,1312.5,1262,1263,0.5
2026-03-28T00:46:49+00:00,876.0,8426.42,31.071179704740644,120.9786082059145,431.20000000000005,3.8085000000000004,1314.0,1264,1265,0.0
2026-03-28T00:46:50+00:00,877.0,8433.655,31.071149236522615,120.97854123450816,423.7,3.8107499999999996,1315.5,1265,1266,0.5
2026-03-28T00:46:51+00:00,878.0,8440.57,31.071122204884887,120.97847602330148,414.4,3.8129999999999997,1317.0,1267,1268,0.0
2026-03-28T00:46:52+00:00,879.0,8447.555,31.071096095256507,120.97840854898095,428.40000000000003,3.8137499999999998,1318.5,1268,1269,0.5
2026-03-28T00:46:53+00:00,880.0,8454.85,31.071069315075874,120.97833956591785,408.79999999999995,3.8145000000000002,1320.0,1270,1271,0.0
2026-03-28T00:46:54+00:00,881.0,8462.224999999999,31.071036751382053,120.97827276214957,486.29999999999313,3.8145000000000002,1321.5,1271,1272,0.49999999999980527
2026-03-28T00:46:55+00:00,882.0,8469.78,31.071004355326295,120.97820294089615,545.0,3.8129999999999997,1323.0,1273,1274,0.0
2026-03-28T00:46:56+00:00,883.0,8478.52,31.07096697203815,120.9781216783449,658.9,3.81225,1324.5,1274,1275,0.5
2026-03-28T00:46:57+00:00,884.0,8487.86,31.070925230160356,120.97803697921336,761.5999999999999,3.81,1326.0,1276,1277,0.0
2026-03-28T00:46:58+00:00,885.0,8498.145,31.07087967451662,120.97794280853122,856.7,3.80775,1327.5,1277,1278,0.5
2026-03-28T00:46:59+00:00,886.0,8509.24,31.070829927921295,120.97784327343106,953.8,3.8069999999999995,1329.0,1279,1280,0.0
2026-03-28T00:47:00+00:00,887.0,8518.724999999999,31.070794304832816,120.97775228787214,702.8000000000467,3.8047500000000003,1330.5,1280,1281,0.4999999999998445
2026-03-28T00:47:01+00:00,888.0,8526.62,31.07078122906387,120.97767110913992,560.0,3.8025,1332.0,1282,1283,0.0
2026-03-28T00:47:02+00:00,889.0,8535.314999999999,31.070757005363703,120.97758402116597,727.9999999999864,3.80025,1333.5,1283,1284,0.4999999999998482
2026-03-28T00:47:03+00:00,890.0,8544.55,31.070726243779063,120.97749290987849,832.4000000000001,3.798,1335.0,1285,1286,0.0
2026-03-28T00:47:04+00:00,891.0,8554.73,31.070696488022804,120.97739161457866,849.2000000000019,3.79575,1336.5,1286,1287,0.49999999999986855
2026-03-28T00:47:05+00:00,892.0,8565.1,31.070673689246178,120.97728721797466,819.4000000000001,3.7935,1338.0,1288,1289,0.0
2026-03-28T00:47:06+00:00,893.0,8574.994999999999,31.070658727549016,120.97718554548919,824.9000000000005,3.7927500000000003,1339.5,1289,1290,0.49999999999985634
2026-03-28T00:47:07+00:00,894.0,8584.7,31.07065432704985,120.9770835377276,780.2,3.7935,1341.0,1291,1292,0.0
2026-03-28T00:47:08+00:00,895.0,8594.265,31.07064665760845,120.9769825777039,759.700000000006,3.7942499999999995,1342.5,1292,1293,0.4999999999998572
2026-03-28T00:47:09+00:00,896.0,8603.99,31.070632953196764,120.97688388079405,685.0,3.7965,1344.0,1294,1295,0.0
2026-03-28T00:47:10+00:00,897.0,8612.03,31.07061891350895,120.97680031321943,589.8000000000001,3.7965,1345.5,1295,1296,0.5
2026-03-28T00:47:11+00:00,898.0,8620.33,31.070604706183076,120.97671624273062,535.8,3.798,1347.0,1297,1298,0.0
2026-03-28T00:47:12+00:00,899.0,8627.875,31.07059372588992,120.9766377042979,523.6,3.7987499999999996,1348.5,1298,1299,0.5
2026-03-28T00:47:13+00:00,900.0,8635.27,31.07058492489159,120.97656033933163,474.20000000000005,3.7995,1350.0,1300,1301,0.0
2026-03-28T00:47:14+00:00,901.0,8642.44,31.070571555756032,120.97648775205016,416.2,3.8009999999999997,1351.5,1301,1302,0.5
2026-03-28T00:47:15+00:00,902.0,8649.29,31.07055651023984,120.97641726024449,431.20000000000005,3.8009999999999997,1353.0,1303,1304,0.0
2026-03-28T00:47:16+00:00,903.0,8656.385,31.070537609048188,120.9763461817056,453.6,3.8009999999999997,1354.5,1304,1305,0.5
2026-03-28T00:47:17+00:00,904.0,8664.0,31.07051795348525,120.97627066075802,494.6,3.8009999999999997,1356.0,1306,1307,0.0
2026-03-28T00:47:18+00:00,905.0,8671.175,31.07049813028425,120.97619811538607,527.2999999999961,3.80025,1357.5,1307,1308,0.49999999999981015
2026-03-28T00:47:19+00:00,906.0,8678.88,31.070466320961714,120.97612540237606,539.4000000000001,3.7995,1359.0,1309,1310,0.0
2026-03-28T00:47:20+00:00,907.0,8687.165,31.070423824712634,120.97605403047055,587.9000000000078,3.7987499999999996,1360.5,1310,1311,0.5000000000001621
2026-03-28T00:47:21+00:00,908.0,8695.88,31.070378059521317,120.97597980871797,664.4000000000001,3.798,1362.0,1312,1313,0.0
2026-03-28T00:47:22+00:00,909.0,8704.779999999999,31.070339418947697,120.97589812707156,723.1999999999939,3.798,1363.5,1313,1314,0.49999999999984535
2026-03-28T00:47:23+00:00,910.0,8714.08,31.070304131135345,120.9758086502552,759.5999999999999,3.7965,1365.0,1315,1316,0.0
2026-03-28T00:47:24+00:00,911.0,8723.995,31.07025409117341,120.97572319675237,798.9,3.798,1366.5,1316,1317,0.5
2026-03-28T00:47:25+00:00,912.0,8733.84,31.070194328203797,120.9756463766098,826.8,3.798,1368.0,1318,1319,0.0
2026-03-28T00:47:26+00:00,913.0,8744.235,31.07012752443552,120.97557127475739,853.000000000003,3.798,1369.5,1319,1320,0.5000000000001339
2026-03-28T00:47:27+00:00,914.0,8754.45,31.070057787001133,120.97550103440881,879.0,3.798,1371.0,1321,1322,0.0
2026-03-28T00:47:28+00:00,915.0,8764.805,31.069987672381103,120.97542865667492,896.8000000000001,3.798,1372.5,1322,1323,0.5
2026-03-28T00:47:29+00:00,916.0,8775.6,31.06991210952401,120.97535896115005,909.0,3.798,1374.0,1324,1325,0.0
2026-03-28T00:47:30+00:00,917.0,8786.085,31.06983818113804,120.97529056482017,903.3000000000019,3.798,1375.5,1325,1326,0.4999999999998699
2026-03-28T00:47:31+00:00,918.0,8796.47,31.06976735405624,120.97521856427193,897.8,3.798,1377.0,1327,1328,0.0
2026-03-28T00:47:32+00:00,919.0,8806.85,31.069726995192468,120.97511982545257,897.7,3.7995,1378.5,1328,1329,0.5
2026-03-28T00:47:33+00:00,920.0,8816.96,31.069684959948063,120.97502385266125,922.0,3.7995,1380.0,1330,1331,0.0
2026-03-28T00:47:34+00:00,921.0,8827.970000000001,31.069629513658583,120.9749288437888,926.6000000000007,3.80025,1381.5,1331,1332,0.5000000000001281
2026-03-28T00:47:35+00:00,922.0,8838.66,31.06958018615842,120.9748334158212,914.5999999999999,3.8009999999999997,1383.0,1333,1334,0.0
2026-03-28T00:47:36+00:00,923.0,8848.744999999999,31.06953341513872,120.97474289126694,858.5000000000059,3.80175,1384.5,1334,1335,0.4999999999998572
2026-03-28T00:47:37+00:00,924.0,8858.59,31.069497289136052,120.9746484272182,780.2,3.8025,1386.0,1336,1337,0.0
2026-03-28T00:47:38+00:00,925.0,8868.01,31.069464348256588,120.97455710638314,693.4,3.8040000000000003,1387.5,1337,1338,0.5
2026-03-28T00:47:39+00:00,926.0,8876.85,31.069427551701665,120.9744755923748,604.8,3.8055,1389.0,1339,1340,0.0
2026-03-28T00:47:40+00:00,927.0,8884.349999999999,31.069400059059262,120.97440363373607,507.7000000000114,3.8069999999999995,1390.5,1340,1341,0.4999999999998081
2026-03-28T00:47:41+00:00,928.0,8891.41,31.069374242797494,120.9743355307728,418.20000000000005,3.8085000000000004,1392.0,1342,1343,0.0
2026-03-28T00:47:42+00:00,929.0,8898.11,31.069346792064607,120.97427316941321,376.09999999999553,3.8085000000000004,1393.5,1343,1344,0.5000000000002145
2026-03-28T00:47:43+00:00,930.0,8904.53,31.0693169105798,120.97421541810036,341.6,3.81,1395.0,1345,1346,0.0
2026-03-28T00:47:44+00:00,931.0,8910.810000000001,31.069292058236897,120.9741560742259,336.00000000000085,3.8107499999999996,1396.5,1346,1347,0.500000000000232
2026-03-28T00:47:45+00:00,932.0,8917.24,31.069269133731723,120.97409362904727,334.20000000000005,3.8114999999999997,1398.0,1348,1349,0.0
2026-03-28T00:47:46+00:00,933.0,8923.965,31.0692418506369,120.97403181251138,362.1,3.8129999999999997,1399.5,1349,1350,0.5
2026-03-28T00:47:47+00:00,934.0,8930.62,31.06921079568565,120.97397334873676,410.6,3.8129999999999997,1401.0,1351,1352,0.0
2026-03-28T00:47:48+00:00,935.0,8937.404999999999,31.069183847866952,120.97390813753009,445.19999999999897,3.8129999999999997,1402.5,1352,1353,0.499999999999817
2026-03-28T00:47:49+00:00,936.0,8944.94,31.06915312819183,120.97383764572442,477.79999999999995,3.8129999999999997,1404.0,1354,1355,0.0
2026-03-28T00:47:50+00:00,937.0,8952.71,31.0691200196743,120.97376673482358,532.8999999999918,3.8114999999999997,1405.5,1355,1356,0.49999999999982236
2026-03-28T00:47:51+00:00,938.0,8960.63,31.06907752342522,120.97369951196015,599.2,3.81,1407.0,1357,1358,0.0
2026-03-28T00:47:52+00:00,939.0,8969.33,31.069028237834573,120.97362981643528,671.9,3.8092500000000005,1408.5,1358,1359,0.5
2026-03-28T00:47:53+00:00,940.0,8977.89,31.06899152509868,120.97355039790273,731.5999999999999,3.8069999999999995,1410.0,1360,1361,0.0
2026-03-28T00:47:54+00:00,941.0,8987.575,31.06895016040653,120.97346016671509,799.8000000000053,3.8062499999999995,1411.5,1361,1362,0.5000000000001336
2026-03-28T00:47:55+00:00,942.0,8998.01,31.06890980154276,120.97336356528103,802.5999999999999,3.8055,1413.0,1363,1364,0.0
2026-03-28T00:47:56+00:00,943.0,9007.33,31.068890020251274,120.97326801158488,789.5,3.8040000000000003,1414.5,1364,1365,0.5
2026-03-28T00:47:57+00:00,944.0,9016.74,31.068867975845933,120.9731702785939,825.0,3.8025,1416.0,1366,1367,0.0
2026-03-28T00:47:58+00:00,945.0,9027.11,31.06883046682924,120.97307078540325,822.1000000000016,3.8009999999999997,1417.5,1367,1368,0.5000000000001322
2026-03-28T00:47:59+00:00,946.0,9037.12,31.068796645849943,120.97297271713614,821.2,3.7995,1419.0,1369,1370,0.0
2026-03-28T00:48:00+00:00,947.0,9046.95,31.06876135803759,120.97287997137755,740.099999999993,3.7972500000000005,1420.5,1370,1371,0.5000000000001501
2026-03-28T00:48:01+00:00,948.0,9055.98,31.06873353011906,120.97279091365635,677.5999999999999,3.7965,1422.0,1372,1373,0.0
2026-03-28T00:48:02+00:00,949.0,9064.83,31.06871177908033,120.97270290367305,618.8000000000001,3.7965,1423.5,1373,1374,0.5
2026-03-28T00:48:03+00:00,950.0,9072.94,31.068692039698362,120.97262076102197,597.2,3.7965,1425.0,1375,1376,0.0
2026-03-28T00:48:04+00:00,951.0,9080.74,31.06868416070938,120.97253983374685,535.8,3.7972500000000005,1426.5,1376,1377,0.5
2026-03-28T00:48:05+00:00,952.0,9088.16,31.068675108253956,120.97246217541397,505.79999999999995,3.798,1428.0,1378,1379,0.0
2026-03-28T00:48:05.666667+00:00,952.666667,9093.1,31.06866999529302,120.97241146489978,461.0,3.798,1429.0,1379,1379,0.0
