timestamp,elapsed_seconds,distance_m,speed_mps,altitude_m,heart_rate,power,cadence,latitude,longitude
2026-03-28T00:32:13+00:00,0.0,0.0,2.536,216.4,105,0,0,31.100061060860753,121.02728543803096
2026-03-28T00:32:14+00:00,1.0,1.91,2.537,294.8,105,0,0,31.100090481340885,121.02728351019323
2026-03-28T00:32:15+00:00,2.0,3.92,2.537,406.8,105,0,0,31.10010934062302,121.02728116326034
2026-03-28T00:32:16+00:00,3.0,6.67,2.537,494.6,104,0,0,31.100132977589965,121.02727512829006
2026-03-28T00:32:17+00:00,4.0,9.57,2.537,582.2,104,86,33,31.10015904530883,121.0272694285959
2026-03-28T00:32:18+00:00,5.0,12.49,2.537,649.4,103,130,33,31.100187124684453,121.02727412246168
2026-03-28T00:32:19+00:00,6.0,16.23,2.537,724.0,102,127,35,31.10021931119263,121.0272868629545
2026-03-28T00:32:20+00:00,7.0,19.77,2.537,800.6,102,127,44,31.100247390568256,121.02731100283563
2026-03-28T00:32:21+00:00,8.0,24.16,2.536,920.0,103,130,44,31.100270440801978,121.02734997868538
2026-03-28T00:32:22+00:00,9.0,29.13,2.536,1002.2,103,177,48,31.10028075054288,121.02740001864731
2026-03-28T00:32:23+00:00,10.0,34.21,2.535,1093.6,103,185,55,31.100281924009323,121.02745424956083
2026-03-28T00:32:24+00:00,11.0,39.8,2.534,1155.2,103,174,58,31.100282007828355,121.02751317434013
2026-03-28T00:32:25+00:00,12.0,45.62,2.534,1185.0,103,159,66,31.10028225928545,121.02757469750941
2026-03-28T00:32:26+00:00,13.0,51.87,2.533,1237.2,104,153,68,31.100283600389957,121.02764024399221
2026-03-28T00:32:27+00:00,14.0,58.43,2.533,1270.8,104,153,69,31.10028712078929,121.02770805358887
2026-03-28T00:32:28+00:00,15.0,64.94,2.533,1302.6,104,152,70,31.10029248520732,121.02777561172843
2026-03-28T00:32:29+00:00,16.0,71.39,2.532,1336.2,104,149,74,31.100299526005983,121.02784300222993
2026-03-28T00:32:30+00:00,17.0,78.06,2.532,1371.6,105,142,73,31.100306063890457,121.02791332639754
2026-03-28T00:32:31+00:00,18.0,85.12,2.532,1384.6,105,149,74,31.100313272327185,121.02798658423126
2026-03-28T00:32:32+00:00,19.0,92.18,2.531,1410.8,105,148,78,31.100321067497134,121.02806034497917
2026-03-28T00:32:33+00:00,20.0,99.32,2.531,1420.2,106,142,80,31.10032961703837,121.02813486009836
2026-03-28T00:32:34+00:00,21.0,106.74,2.53,1433.2,106,135,85,31.100338082760572,121.02821163833141
2026-03-28T00:32:35+00:00,22.0,114.18,2.529,1453.8,106,138,76,31.100343950092793,121.02828925475478
2026-03-28T00:32:36+00:00,23.0,121.62,2.529,1453.8,107,120,81,31.100346632301807,121.02836653590202
2026-03-28T00:32:37+00:00,24.0,129.02,2.529,1466.8,107,111,83,31.100347638130188,121.02844314649701
2026-03-28T00:32:38+00:00,25.0,136.15,2.528,1472.4,108,114,79,31.100351829081774,121.02851849980652
2026-03-28T00:32:39+00:00,26.0,143.51,2.528,1474.2,109,106,82,31.100355936214328,121.02859569713473
2026-03-28T00:32:40+00:00,27.0,150.87,2.528,1468.6,109,105,80,31.10035995952785,121.02867255918682
2026-03-28T00:32:41+00:00,28.0,158.01,2.527,1455.6,110,105,80,31.100364485755563,121.02874841541052
2026-03-28T00:32:42+00:00,29.0,165.49,2.527,1425.8,111,105,80,31.10037663951516,121.02882460691035
2026-03-28T00:32:43+00:00,30.0,172.67,2.526,1397.8,111,21,0,31.10038929618895,121.02889778092504
2026-03-28T00:32:44+00:00,31.0,179.36,2.526,1367.8,112,0,0,31.100398935377598,121.02896785363555
2026-03-28T00:32:45+00:00,32.0,186.11,2.526,1338.0,113,0,0,31.100408071652055,121.02903842926025
2026-03-28T00:32:46+00:00,33.0,192.84,2.525,1308.2,115,0,0,31.100419806316495,121.02910799905658
2026-03-28T00:32:47+00:00,34.0,199.47,2.525,1263.4,116,0,0,31.100432546809316,121.02917513810098
2026-03-28T00:32:48+00:00,35.0,205.85,2.524,1239.2,116,0,0,31.100443275645375,121.02924068458378
2026-03-28T00:32:49+00:00,36.0,212.09,2.524,1201.8,116,0,0,31.100455010309815,121.02930396795273
2026-03-28T00:32:50+00:00,37.0,217.96,2.523,1175.6,116,0,0,31.100462302565575,121.02936557494104
2026-03-28T00:32:51+00:00,38.0,223.89,2.523,1144.0,116,0,0,31.10047143884003,121.02942760102451
2026-03-28T00:32:52+00:00,39.0,229.86,2.523,1132.8,116,0,0,31.100492058321834,121.02948669344187
2026-03-28T00:32:53+00:00,40.0,235.59,2.523,1104.8,115,0,0,31.100520975887775,121.02953899651766
2026-03-28T00:32:54+00:00,41.0,241.33,2.522,1091.6,114,0,0,31.10056313686073,121.02957529015839
2026-03-28T00:32:55+00:00,42.0,246.93,2.522,1104.8,111,40,61,31.10061259008944,121.02959255687892
2026-03-28T00:32:56+00:00,43.0,252.84,2.522,1144.0,111,83,61,31.10066581517458,121.02959465235472
2026-03-28T00:32:57+00:00,44.0,258.5,2.522,1151.4,108,166,65,31.100717280060053,121.02958953939378
2026-03-28T00:32:58+00:00,45.0,264.51,2.522,1173.8,104,165,64,31.10077092424035,121.02958400733769
2026-03-28T00:32:59+00:00,46.0,270.25,2.522,1142.0,102,146,64,31.10082171857357,121.02957629598677
2026-03-28T00:33:00+00:00,47.0,275.76,2.521,1147.6,102,0,0,31.10087209381163,121.02956900373101
2026-03-28T00:33:01+00:00,48.0,281.21,2.521,1091.6,101,0,0,31.100922049954534,121.02957042865455
2026-03-28T00:33:02+00:00,49.0,286.87,2.52,1071.2,101,0,0,31.10097326338291,121.02956925518811
2026-03-28T00:33:03+00:00,50.0,292.45,2.52,1030.2,101,0,0,31.10102296806872,121.02956573478878
2026-03-28T00:33:04+00:00,51.0,297.78,2.52,992.8,100,0,0,31.10106999054551,121.02956489659846
2026-03-28T00:33:05+00:00,52.0,302.62,2.52,963.0,100,0,0,31.101113660261035,121.02956414222717
2026-03-28T00:33:06+00:00,53.0,307.29,2.52,916.2,100,0,0,31.101155653595924,121.0295623820275
2026-03-28T00:33:07+00:00,54.0,311.79,2.52,893.8,100,0,0,31.101196389645338,121.0295607894659
2026-03-28T00:33:08+00:00,55.0,316.32,2.52,864.0,100,0,0,31.101235952228308,121.02955752052367
2026-03-28T00:33:09+00:00,56.0,320.19,2.52,821.2,101,0,0,31.101270653307438,121.02955542504787
2026-03-28T00:33:10+00:00,57.0,323.85,2.52,800.6,102,0,0,31.101304767653346,121.0295576043427
2026-03-28T00:33:11+00:00,58.0,327.67,2.52,802.4,102,0,0,31.101340893656015,121.02955525740981
2026-03-28T00:33:12+00:00,59.0,332.0,2.521,793.2,103,0,0,31.10137928277254,121.02955324575305
2026-03-28T00:33:13+00:00,60.0,335.88,2.52,772.6,105,0,0,31.10141532495618,121.02955400012434
2026-03-28T00:33:14+00:00,61.0,340.03,2.521,755.8,105,0,0,31.10145304352045,121.02955425158143
2026-03-28T00:33:15+00:00,62.0,343.44,2.521,586.0,105,0,0,31.10148338600993,121.02954947389662
2026-03-28T00:33:16+00:00,63.0,346.37,2.521,444.2,105,0,0,31.101508112624288,121.02954268455505
2026-03-28T00:33:17+00:00,64.0,348.75,2.521,388.2,105,0,0,31.101529402658343,121.02953874506056
2026-03-28T00:33:18+00:00,65.0,350.56,2.522,252.0,105,0,0,31.10154348425567,121.02953908033669
2026-03-28T00:33:19+00:00,66.0,351.44,2.522,222.0,105,0,0,31.10155270434916,121.02953639812768
2026-03-28T00:33:20+00:00,67.0,351.88,2.522,44.8,105,0,0,31.10155421309173,121.02953220717609
2026-03-28T00:33:21+00:00,68.0,351.88,2.522,48.6,106,0,0,31.101529821753502,121.02952223271132
2026-03-28T00:33:22+00:00,69.0,351.88,2.52,350.8,98,,0,31.10158053226769,121.02952558547258
2026-03-28T00:33:23+00:00,70.0,355.33,2.52,427.4,98,0,0,31.101611126214266,121.02952064014971
2026-03-28T00:33:24+00:00,71.0,358.13,2.521,375.0,98,0,0,31.101636020466685,121.029516113922
2026-03-28T00:33:25+00:00,72.0,360.46,2.521,294.8,98,0,0,31.101655131205916,121.02950597181916
2026-03-28T00:33:26+00:00,73.0,362.74,2.522,265.0,97,0,0,31.101674577221274,121.02949725463986
2026-03-28T00:33:27+00:00,74.0,364.99,2.522,257.6,97,0,0,31.101685306057334,121.02948040701449
2026-03-28T00:33:28+00:00,75.0,366.28,2.522,289.2,97,0,0,31.101695699617267,121.02946976199746
2026-03-28T00:33:29+00:00,76.0,368.07,2.523,336.0,98,0,0,31.101713804528117,121.0294680017978
2026-03-28T00:33:30+00:00,77.0,370.73,2.523,421.8,99,0,0,31.10173643566668,121.02947428822517
2026-03-28T00:33:31+00:00,78.0,373.33,2.523,462.8,100,82,25,31.101759234443307,121.02947755716741
2026-03-28T00:33:32+00:00,79.0,376.15,2.523,531.8,102,123,25,31.101783961057663,121.02947705425322
2026-03-28T00:33:33+00:00,80.0,378.8,2.523,582.2,102,130,30,31.101808603852987,121.02947294712067
2026-03-28T00:33:34+00:00,81.0,382.15,2.523,666.2,103,138,30,31.101836431771517,121.02945702150464
2026-03-28T00:33:35+00:00,82.0,385.92,2.523,757.6,103,136,35,31.101862331852317,121.02942961268127
2026-03-28T00:33:36+00:00,83.0,390.17,2.524,819.2,104,125,45,31.101877754554152,121.02939038537443
2026-03-28T00:33:37+00:00,84.0,394.01,2.524,882.6,104,127,50,31.101877503097057,121.02934923022985
2026-03-28T00:33:38+00:00,85.0,398.5,2.525,972.2,105,152,50,31.101870462298393,121.02930170483887
2026-03-28T00:33:39+00:00,86.0,403.7,2.525,1032.0,105,179,51,31.101864762604237,121.02924789302051
2026-03-28T00:33:40+00:00,87.0,409.04,2.525,1084.2,106,185,57,31.101859733462334,121.02919257245958
2026-03-28T00:33:41+00:00,88.0,414.42,2.525,1114.0,106,188,59,31.10185420140624,121.02913641370833
2026-03-28T00:33:42+00:00,89.0,420.23,2.525,1160.8,106,183,63,31.101850848644972,121.02907505817711
2026-03-28T00:33:43+00:00,90.0,426.49,2.526,1198.0,107,186,64,31.101849675178528,121.02901018224657
2026-03-28T00:33:44+00:00,91.0,432.71,2.526,1231.6,107,184,68,31.101846657693386,121.02894589304924
2026-03-28T00:33:45+00:00,92.0,438.74,2.526,1265.2,109,179,66,31.101842131465673,121.0288821067661
2026-03-28T00:33:46+00:00,93.0,445.05,2.526,1287.6,111,171,73,31.101837689056993,121.02881572209299
2026-03-28T00:33:47+00:00,94.0,451.6,2.526,1308.2,111,156,70,31.1018355935812,121.0287462361157
2026-03-28T00:33:48+00:00,95.0,458.46,2.526,1315.6,112,142,74,31.101832408457994,121.02867465466261
2026-03-28T00:33:49+00:00,96.0,465.14,2.526,1330.6,112,120,72,31.101829642429948,121.02860416285694
2026-03-28T00:33:50+00:00,97.0,472.06,2.526,1315.6,113,102,73,31.101823272183537,121.0285332519561
2026-03-28T00:33:51+00:00,98.0,478.63,2.526,1310.0,113,85,72,31.101817907765508,121.02846510708332
2026-03-28T00:33:52+00:00,99.0,485.15,2.526,1304.4,114,77,72,31.101812291890383,121.02839729748666
2026-03-28T00:33:53+00:00,100.0,491.62,2.526,1308.2,115,83,70,31.10180675983429,121.02832932025194
2026-03-28T00:33:54+00:00,101.0,498.45,2.526,1308.2,115,76,73,31.101802485063672,121.02825966663659
2026-03-28T00:33:55+00:00,102.0,504.63,2.527,1282.0,116,77,73,31.101803742349148,121.0281949583441
2026-03-28T00:33:56+00:00,103.0,510.96,2.527,1298.8,116,81,74,31.101807849481702,121.02812899276614
2026-03-28T00:33:57+00:00,104.0,517.18,2.527,1310.0,117,105,70,31.101804915815592,121.0280636139214
2026-03-28T00:33:58+00:00,105.0,523.47,2.527,1325.0,117,122,74,31.10179997049272,121.02799722924829
2026-03-28T00:33:59+00:00,106.0,529.93,2.527,1358.6,118,120,75,31.101797288283706,121.0279274918139
2026-03-28T00:34:00+00:00,107.0,536.89,2.527,1326.8,120,93,76,31.101790834218264,121.02785582654178
2026-03-28T00:34:01+00:00,108.0,543.61,2.527,1330.6,123,87,74,31.101785469800234,121.02778541855514
2026-03-28T00:34:02+00:00,109.0,550.45,2.527,1325.0,126,83,73,31.101779686287045,121.0277147591114
2026-03-28T00:34:03+00:00,110.0,556.96,2.527,1325.0,127,94,75,31.101773818954825,121.02764594368637
2026-03-28T00:34:04+00:00,111.0,563.64,2.527,1317.4,128,101,74,31.101768035441637,121.02757561951876
2026-03-28T00:34:05+00:00,112.0,570.46,2.527,1325.0,129,101,74,31.101766107603908,121.02750319987535
2026-03-28T00:34:06+00:00,113.0,577.8,2.527,1343.6,129,137,76,31.101760659366846,121.02742767892778
2026-03-28T00:34:07+00:00,114.0,585.07,2.527,1379.0,130,151,76,31.101757306605577,121.02735232561827
2026-03-28T00:34:08+00:00,115.0,592.01,2.527,1371.6,130,145,75,31.101753283292055,121.0272799897939
2026-03-28T00:34:09+00:00,116.0,598.89,2.527,1360.4,131,143,76,31.101748421788216,121.02720874361694
2026-03-28T00:34:10+00:00,117.0,605.64,2.527,1371.6,131,137,75,31.101742135360837,121.0271383356303
2026-03-28T00:34:11+00:00,118.0,612.14,2.527,1358.6,131,138,76,31.101737273856997,121.02706952020526
2026-03-28T00:34:12+00:00,119.0,619.03,2.528,1386.6,131,139,79,31.101732831448317,121.02699726819992
2026-03-28T00:34:13+00:00,120.0,626.11,2.528,1401.4,131,128,77,31.101728808134794,121.02692250162363
2026-03-28T00:34:14+00:00,121.0,633.51,2.528,1386.6,132,123,80,31.101723946630955,121.0268465615809
2026-03-28T00:34:15+00:00,122.0,640.69,2.528,1399.6,132,123,77,31.101720677688718,121.02677162736654
2026-03-28T00:34:16+00:00,123.0,647.94,2.528,1423.8,133,125,79,31.10171581618488,121.02669686079025
2026-03-28T00:34:17+00:00,124.0,654.81,2.528,1423.8,133,140,80,31.101711709052324,121.02662410587072
2026-03-28T00:34:18+00:00,125.0,661.83,2.528,1427.6,133,143,77,31.101706847548485,121.0265495069325
2026-03-28T00:34:19+00:00,126.0,669.19,2.528,1427.6,133,141,78,31.10170559026301,121.02647256106138
2026-03-28T00:34:20+00:00,127.0,676.55,2.528,1453.8,134,142,83,31.101699555292726,121.02639527991414
2026-03-28T00:34:21+00:00,128.0,683.96,2.528,1451.8,134,151,82,31.101695196703076,121.02631732821465
2026-03-28T00:34:22+00:00,129.0,691.6,2.528,1498.6,134,161,83,31.101690670475364,121.0262368619442
2026-03-28T00:34:23+00:00,130.0,699.48,2.527,1528.4,134,215,83,31.101685473695397,121.0261538811028
2026-03-28T00:34:24+00:00,131.0,707.49,2.527,1528.4,135,217,86,31.101679857820272,121.02607022970915
2026-03-28T00:34:25+00:00,132.0,715.33,2.527,1507.8,135,188,81,31.101673655211926,121.02598825469613
2026-03-28T00:34:26+00:00,133.0,723.65,2.527,1535.8,135,175,88,31.101668206974864,121.02590317837894
2026-03-28T00:34:27+00:00,134.0,731.73,2.527,1560.0,135,178,84,31.101660998538136,121.02582011371851
2026-03-28T00:34:28+00:00,135.0,739.52,2.526,1584.4,136,158,85,31.10165915451944,121.02573771961033
2026-03-28T00:34:29+00:00,136.0,747.32,2.526,1593.6,136,155,89,31.101655131205916,121.02565390057862
2026-03-28T00:34:30+00:00,137.0,755.7,2.526,1571.2,136,155,86,31.10165043734014,121.02556748315692
2026-03-28T00:34:31+00:00,138.0,764.07,2.526,1569.4,136,158,88,31.101645408198237,121.02548223920166
2026-03-28T00:34:32+00:00,139.0,771.82,2.526,1586.2,136,167,89,31.10164012759924,121.02540034800768
2026-03-28T00:34:33+00:00,140.0,779.69,2.526,1599.2,137,171,89,31.101634092628956,121.02531745098531
2026-03-28T00:34:34+00:00,141.0,787.56,2.526,1584.4,138,176,86,31.10162789002061,121.02523405104876
2026-03-28T00:34:35+00:00,142.0,795.91,2.526,1588.0,137,171,88,31.101624704897404,121.0251469630748
2026-03-28T00:34:36+00:00,143.0,804.07,2.526,1554.4,138,163,88,31.10162009485066,121.02506289258599
2026-03-28T00:34:37+00:00,144.0,811.89,2.526,1530.2,138,0,0,31.101610120385885,121.02498192340136
2026-03-28T00:34:38+00:00,145.0,819.46,2.526,1489.2,138,0,0,31.10160014592111,121.02490321733057
2026-03-28T00:34:39+00:00,146.0,826.93,2.526,1450.0,138,0,0,31.101593440398574,121.02482526563108
2026-03-28T00:34:40+00:00,147.0,834.3,2.526,1409.0,138,0,0,31.101585812866688,121.02474907413125
2026-03-28T00:34:41+00:00,148.0,841.38,2.526,1410.8,138,42,76,31.101585142314434,121.02467380464077
2026-03-28T00:34:42+00:00,149.0,848.57,2.526,1375.4,138,110,55,31.101588075980544,121.02460021153092
2026-03-28T00:34:43+00:00,150.0,855.43,2.526,1395.8,137,59,55,31.10157768242061,121.02453047409654
2026-03-28T00:34:44+00:00,151.0,861.94,2.526,1431.4,136,108,80,31.1015731561929,121.02446056902409
2026-03-28T00:34:45+00:00,152.0,868.98,2.526,1444.4,136,272,81,31.10156879760325,121.02438622154295
2026-03-28T00:34:46+00:00,153.0,876.32,2.526,1502.2,136,260,81,31.10156343318522,121.02430835366249
2026-03-28T00:34:47+00:00,154.0,884.17,2.526,1498.6,135,229,85,31.10155555419624,121.02422780357301
2026-03-28T00:34:48+00:00,155.0,891.8,2.526,1541.4,135,202,84,31.101550105959177,121.0241471696645
2026-03-28T00:34:49+00:00,156.0,899.57,2.526,1541.4,135,202,84,31.10154834575951,121.02406536228955
2026-03-28T00:34:50+00:00,157.0,907.64,2.527,1550.8,135,193,82,31.10155220143497,121.02398154325783
2026-03-28T00:34:51+00:00,158.0,915.51,2.527,1563.8,135,186,87,31.10155656002462,121.02389864623547
2026-03-28T00:34:52+00:00,159.0,923.4,2.527,1580.6,136,191,85,31.10156494192779,121.02381533011794
2026-03-28T00:34:53+00:00,160.0,931.69,2.526,1593.6,136,198,85,31.101565193384886,121.0237290803343
2026-03-28T00:34:54+00:00,161.0,939.72,2.526,1578.8,136,190,88,31.101554883643985,121.02364702150226
2026-03-28T00:34:55+00:00,162.0,947.51,2.526,1593.6,136,194,89,31.10154138877988,121.02356596849859
2026-03-28T00:34:56+00:00,163.0,955.59,2.526,1612.4,137,197,86,31.101530827581882,121.0234808921814
2026-03-28T00:34:57+00:00,164.0,964.07,2.526,1601.2,137,187,92,31.101524205878377,121.02339413948357
2026-03-28T00:34:58+00:00,165.0,971.96,2.526,1603.0,137,175,83,31.101514315232635,121.02331132628024
2026-03-28T00:34:59+00:00,166.0,980.2,2.526,1591.8,137,171,88,31.101504173129797,121.02322624996305
2026-03-28T00:35:00+00:00,167.0,988.26,2.526,1593.6,137,173,87,31.101492857560515,121.02314343675971
2026-03-28T00:35:01+00:00,168.0,996.33,2.526,1601.2,138,170,85,31.101483050733805,121.02306053973734
2026-03-28T00:35:02+00:00,169.0,1003.68,2.526,1593.6,139,172,92,31.10147215425968,121.0229819174856
2026-03-28T00:35:03+00:00,170.0,1012.18,2.526,1590.0,139,181,82,31.101467041298747,121.02289424277842
2026-03-28T00:35:04+00:00,171.0,1020.47,2.526,1621.6,140,191,85,31.101460922509432,121.02280757389963
2026-03-28T00:35:05+00:00,172.0,1028.82,2.527,1618.0,141,189,89,31.10146234743297,121.02272098883986
2026-03-28T00:35:06+00:00,173.0,1036.7,2.527,1619.8,141,187,88,31.101460168138146,121.02263725362718
2026-03-28T00:35:07+00:00,174.0,1045.1,2.527,1631.0,142,167,88,31.101456647738814,121.02255066856742
2026-03-28T00:35:08+00:00,175.0,1053.12,2.527,1631.0,144,168,88,31.101451702415943,121.02246651425958
2026-03-28T00:35:09+00:00,176.0,1060.96,2.527,1610.4,144,158,89,31.10144575126469,121.0223827790469
2026-03-28T00:35:10+00:00,177.0,1069.45,2.528,1623.6,145,151,90,31.101440219208598,121.02229476906359
2026-03-28T00:35:11+00:00,178.0,1077.64,2.528,1606.8,145,149,88,31.101435273885727,121.02220952510834
2026-03-28T00:35:12+00:00,179.0,1085.72,2.528,1616.0,145,135,90,31.101431334391236,121.02212377823889
2026-03-28T00:35:13+00:00,180.0,1094.05,2.528,1599.2,145,140,86,31.101423539221287,121.02203744463623
2026-03-28T00:35:14+00:00,181.0,1102.43,2.529,1606.8,146,144,90,31.101415995508432,121.02195153012872
2026-03-28T00:35:15+00:00,182.0,1110.09,2.529,1601.2,146,146,86,31.10141004435718,121.02186963893473
2026-03-28T00:35:16+00:00,183.0,1118.3,2.529,1582.4,146,141,87,31.101406943053007,121.02178439497948
2026-03-28T00:35:17+00:00,184.0,1126.34,2.53,1558.2,147,143,86,31.10140275210142,121.02170116268098
2026-03-28T00:35:18+00:00,185.0,1134.22,2.53,1560.0,147,151,86,31.101399902254343,121.02161885239184
2026-03-28T00:35:19+00:00,186.0,1141.87,2.53,1547.0,147,160,83,31.10139478929341,121.02153796702623
2026-03-28T00:35:20+00:00,187.0,1149.82,2.53,1528.4,148,174,84,31.10138950869441,121.02145607583225
2026-03-28T00:35:21+00:00,188.0,1157.17,2.531,1494.8,147,186,83,31.1013865750283,121.021378794685
2026-03-28T00:35:22+00:00,189.0,1164.63,2.531,1478.0,148,180,81,31.101382467895746,121.02130126208067
2026-03-28T00:35:23+00:00,190.0,1171.74,2.532,1466.8,148,182,83,31.101378444582224,121.02122582495213
2026-03-28T00:35:24+00:00,191.0,1179.08,2.532,1453.8,148,184,83,31.101375008001924,121.02114896290004
2026-03-28T00:35:25+00:00,192.0,1186.55,2.533,1474.2,148,193,82,31.101370314136147,121.02107067592442
2026-03-28T00:35:26+00:00,193.0,1193.92,2.533,1451.8,148,193,79,31.101366877555847,121.0209937300533
2026-03-28T00:35:27+00:00,194.0,1201.16,2.534,1455.6,147,188,84,31.101362435147166,121.02091737091541
2026-03-28T00:35:28+00:00,195.0,1208.5,2.535,1444.4,148,195,78,31.10135572962463,121.02084084413946
2026-03-28T00:35:29+00:00,196.0,1215.86,2.535,1465.0,148,196,80,31.10134944319725,121.02076331153512
2026-03-28T00:35:30+00:00,197.0,1223.3,2.536,1427.6,148,196,79,31.10134357586503,121.02068644948304
2026-03-28T00:35:31+00:00,198.0,1230.69,2.536,1429.4,147,193,78,31.101336535066366,121.02061034180224
2026-03-28T00:35:32+00:00,199.0,1237.77,2.537,1418.2,148,181,81,31.101333936676383,121.02053632959723
2026-03-28T00:35:33+00:00,200.0,1244.52,2.538,1373.4,148,163,72,31.101329494267702,121.0204656701535
2026-03-28T00:35:34+00:00,201.0,1251.46,2.538,1381.0,147,139,75,31.101321866735816,121.02039425633848
2026-03-28T00:35:35+00:00,202.0,1258.18,2.539,1397.8,148,148,76,31.10131524503231,121.02032351307571
2026-03-28T00:35:36+00:00,203.0,1265.19,2.539,1409.0,148,156,77,31.101310718804598,121.02025017142296
2026-03-28T00:35:37+00:00,204.0,1272.15,2.54,1403.4,147,153,79,31.101305773481727,121.02017674595118
2026-03-28T00:35:38+00:00,205.0,1279.5,2.54,1433.2,147,152,77,31.10129998996854,121.02010030299425
2026-03-28T00:35:39+00:00,206.0,1286.83,2.541,1442.6,146,152,77,31.10129462555051,121.0200235247612
2026-03-28T00:35:40+00:00,207.0,1294.33,2.541,1450.0,146,146,81,31.101291943341494,121.01994548924267
2026-03-28T00:35:41+00:00,208.0,1301.66,2.541,1453.8,146,135,77,31.101288674399257,121.01986921392381
2026-03-28T00:35:42+00:00,209.0,1308.88,2.541,1468.6,146,131,83,31.101286159828305,121.01979268714786
2026-03-28T00:35:43+00:00,210.0,1316.41,2.541,1487.4,147,125,82,31.101280292496085,121.0197140648961
2026-03-28T00:35:44+00:00,211.0,1324.02,2.541,1498.6,148,115,82,31.10127224586904,121.0196347720921
2026-03-28T00:35:45+00:00,212.0,1331.66,2.541,1513.4,148,115,81,31.10126679763198,121.01955514401197
2026-03-28T00:35:46+00:00,213.0,1339.0,2.541,1517.2,147,122,83,31.101264199241996,121.01947744376957
2026-03-28T00:35:47+00:00,214.0,1346.65,2.541,1545.2,147,125,81,31.101262271404266,121.01939697749913
2026-03-28T00:35:48+00:00,215.0,1354.5,2.541,1556.4,147,124,88,31.101260595023632,121.01931533776224
2026-03-28T00:35:49+00:00,216.0,1362.3,2.54,1597.4,146,106,87,31.10125808045268,121.01923311129212
2026-03-28T00:35:50+00:00,217.0,1370.47,2.54,1608.6,146,100,88,31.10125556588173,121.01914828643203
2026-03-28T00:35:51+00:00,218.0,1378.49,2.54,1619.8,147,94,89,31.101251877844334,121.01906413212419
2026-03-28T00:35:52+00:00,219.0,1386.54,2.539,1627.2,147,84,91,31.10124626196921,121.01897955872118
2026-03-28T00:35:53+00:00,220.0,1394.89,2.539,1629.2,146,77,91,31.101242154836655,121.01889247074723
2026-03-28T00:35:54+00:00,221.0,1403.2,2.538,1632.8,146,77,91,31.101238382980227,121.0188059695065
2026-03-28T00:35:55+00:00,222.0,1411.33,2.538,1634.8,146,0,0,31.101235868409276,121.01872089318931
2026-03-28T00:35:56+00:00,223.0,1419.54,2.537,1640.4,146,0,0,31.101230503991246,121.018635481596
2026-03-28T00:35:57+00:00,224.0,1427.36,2.537,1621.6,146,0,0,31.10122379846871,121.01855283603072
2026-03-28T00:35:58+00:00,225.0,1435.52,2.536,1636.6,145,0,0,31.101218685507774,121.01846725679934
2026-03-28T00:35:59+00:00,226.0,1444.0,2.535,1653.4,146,0,0,31.101210974156857,121.01837983354926
2026-03-28T00:36:00+00:00,227.0,1452.17,2.535,1638.4,145,0,0,31.101200580596924,121.0182950925082
2026-03-28T00:36:01+00:00,228.0,1460.25,2.534,1634.8,144,0,0,31.101191947236657,121.01821010001004
2026-03-28T00:36:02+00:00,229.0,1468.78,2.533,1625.4,144,69,92,31.10118423588574,121.01812234148383
2026-03-28T00:36:03+00:00,230.0,1477.09,2.533,1644.0,143,69,92,31.10117602162063,121.01803617551923
2026-03-28T00:36:04+00:00,231.0,1485.38,2.533,1681.4,141,128,92,31.10117107629776,121.01794908754528
2026-03-28T00:36:05+00:00,232.0,1494.2,2.532,1746.8,139,104,93,31.101167304441333,121.01785713806748
2026-03-28T00:36:06+00:00,233.0,1502.99,2.531,1756.0,138,99,96,31.101165125146508,121.01776577532291
2026-03-28T00:36:07+00:00,234.0,1511.49,2.531,1778.4,137,104,98,31.101165879517794,121.01767575368285
2026-03-28T00:36:08+00:00,235.0,1520.19,2.53,1789.6,137,105,101,31.101166550070047,121.01758304983377
2026-03-28T00:36:09+00:00,236.0,1529.17,2.53,1778.4,137,105,98,31.101166298612952,121.01748833432794
2026-03-28T00:36:10+00:00,237.0,1538.5,2.529,1793.4,138,116,96,31.101162107661366,121.01739169098437
2026-03-28T00:36:11+00:00,238.0,1547.51,2.528,1789.6,138,118,96,31.10115439631045,121.01729781366885
2026-03-28T00:36:12+00:00,239.0,1556.44,2.528,1791.4,138,119,100,31.10115154646337,121.01720343343914
2026-03-28T00:36:13+00:00,240.0,1565.73,2.527,1793.4,137,115,98,31.10114609822631,121.01710695773363
2026-03-28T00:36:14+00:00,241.0,1574.73,2.527,1778.4,138,115,96,31.101141655817628,121.01701282896101
2026-03-28T00:36:15+00:00,242.0,1583.57,2.527,1758.0,138,115,96,31.10113679431379,121.01691995747387
2026-03-28T00:36:16+00:00,243.0,1592.45,2.527,1733.6,137,0,0,31.101131346076727,121.0168272536248
2026-03-28T00:36:17+00:00,244.0,1601.16,2.527,1703.8,137,0,0,31.10112765803933,121.01673639379442
2026-03-28T00:36:18+00:00,245.0,1609.55,2.527,1677.6,137,0,0,31.10112363472581,121.01664796471596
2026-03-28T00:36:19+00:00,246.0,1617.84,2.527,1629.2,137,0,0,31.101117432117462,121.01656154729426
2026-03-28T00:36:20+00:00,247.0,1626.03,2.527,1619.8,136,0,0,31.10110955312848,121.01647580042481
2026-03-28T00:36:21+00:00,248.0,1634.28,2.527,1593.6,135,0,0,31.10110267996788,121.01639072410762
2026-03-28T00:36:22+00:00,249.0,1642.15,2.527,1591.8,135,0,0,31.10109186731279,121.01630841381848
2026-03-28T00:36:23+00:00,250.0,1650.09,2.526,1545.2,134,0,0,31.10107292421162,121.01622845046222
2026-03-28T00:36:24+00:00,251.0,1658.02,2.526,1541.4,133,100,68,31.101056830957532,121.0161483194679
2026-03-28T00:36:25+00:00,252.0,1665.75,2.526,1573.2,133,157,87,31.10104895196855,121.01606676355004
2026-03-28T00:36:26+00:00,253.0,1673.92,2.526,1601.2,133,208,86,31.10104358755052,121.01598160341382
2026-03-28T00:36:27+00:00,254.0,1682.09,2.525,1612.4,133,193,88,31.101038558408618,121.01589635945857
2026-03-28T00:36:28+00:00,255.0,1690.24,2.525,1612.4,133,163,89,31.10103227198124,121.01581228896976
2026-03-28T00:36:29+00:00,256.0,1697.97,2.526,1599.2,133,158,88,31.101030008867383,121.01573098450899
2026-03-28T00:36:30+00:00,257.0,1705.91,2.526,1618.0,133,148,89,31.101024225354195,121.01564791984856
2026-03-28T00:36:31+00:00,258.0,1713.79,2.526,1606.8,134,142,88,31.101015508174896,121.01556527428329
2026-03-28T00:36:32+00:00,259.0,1722.04,2.526,1619.8,134,143,89,31.101010646671057,121.01547935977578
2026-03-28T00:36:33+00:00,260.0,1729.89,2.526,1608.6,135,145,91,31.101010646671057,121.0153958760202
2026-03-28T00:36:34+00:00,261.0,1738.19,2.526,1616.0,135,128,89,31.101002851501107,121.01530962623656
2026-03-28T00:36:35+00:00,262.0,1746.39,2.527,1599.2,135,121,90,31.100994050502777,121.0152248851955
2026-03-28T00:36:36+00:00,263.0,1754.51,2.527,1595.6,134,115,89,31.100987512618303,121.01514073088765
2026-03-28T00:36:37+00:00,264.0,1762.21,2.527,1560.0,133,112,89,31.10098348930478,121.01506001316011
2026-03-28T00:36:38+00:00,265.0,1769.9,2.526,1537.6,134,0,0,31.100977957248688,121.01497862488031
2026-03-28T00:36:39+00:00,266.0,1777.01,2.527,1399.6,134,0,58,31.100971335545182,121.01490268483758
2026-03-28T00:36:40+00:00,267.0,1783.06,2.527,1074.8,133,0,58,31.100975275039673,121.01483831182122
2026-03-28T00:36:41+00:00,268.0,1787.86,2.527,901.4,134,0,0,31.101004276424646,121.01479866541922
2026-03-28T00:36:42+00:00,269.0,1791.25,2.527,834.2,134,0,0,31.10103872604668,121.01478885859251
2026-03-28T00:36:43+00:00,270.0,1795.72,2.527,851.0,134,0,0,31.101067727431655,121.01475231349468
2026-03-28T00:36:44+00:00,271.0,1800.44,2.527,914.4,133,0,0,31.101069739088416,121.01470210589468
2026-03-28T00:36:45+00:00,272.0,1805.2,2.527,961.0,133,119,51,31.101068733260036,121.01465173065662
2026-03-28T00:36:46+00:00,273.0,1810.46,2.527,1015.2,133,179,53,31.101063368842006,121.01459741592407
2026-03-28T00:36:47+00:00,274.0,1815.73,2.527,1071.2,132,183,58,31.1010601837188,121.01454167626798
2026-03-28T00:36:48+00:00,275.0,1821.42,2.527,1132.8,132,184,60,31.101059848442674,121.01448216475546
2026-03-28T00:36:49+00:00,276.0,1827.09,2.527,1168.2,131,179,63,31.101056579500437,121.01442223414779
2026-03-28T00:36:50+00:00,277.0,1833.34,2.527,1216.8,131,175,65,31.10104995779693,121.01435786113143
2026-03-28T00:36:51+00:00,278.0,1839.8,2.527,1237.2,131,172,66,31.101044341921806,121.01429181173444
2026-03-28T00:36:52+00:00,279.0,1846.07,2.527,1267.2,131,161,68,31.10103864222765,121.0142266843468
2026-03-28T00:36:53+00:00,280.0,1852.28,2.527,1285.8,132,168,70,31.10103336162865,121.01416080258787
2026-03-28T00:36:54+00:00,281.0,1858.88,2.526,1298.8,132,168,70,31.101031014695764,121.01409156806767
2026-03-28T00:36:55+00:00,282.0,1865.69,2.526,1332.4,132,140,71,31.101026739925146,121.01402048952878
2026-03-28T00:36:56+00:00,283.0,1872.39,2.526,1319.4,132,134,73,31.101017938926816,121.01395175792277
2026-03-28T00:36:57+00:00,284.0,1878.71,2.526,1328.6,133,117,74,31.101008635014296,121.01388487033546
2026-03-28T00:36:58+00:00,285.0,1885.54,2.526,1339.8,134,105,73,31.101001845672727,121.01381354033947
2026-03-28T00:36:59+00:00,286.0,1892.42,2.526,1339.8,135,95,75,31.10097946599126,121.01374656893313
2026-03-28T00:37:00+00:00,287.0,1899.17,2.526,1353.0,135,100,73,31.100952811539173,121.01368278265
2026-03-28T00:37:01+00:00,288.0,1905.82,2.526,1362.2,135,112,75,31.10093210823834,121.0136169847101
2026-03-28T00:37:02+00:00,289.0,1912.59,2.526,1382.8,135,164,70,31.10091987065971,121.01354598999023
2026-03-28T00:37:03+00:00,290.0,1920.02,2.525,1407.0,136,190,70,31.10091215930879,121.0134700499475
2026-03-28T00:37:04+00:00,291.0,1926.88,2.525,1418.2,135,192,81,31.100907968357205,121.01339846849442
2026-03-28T00:37:05+00:00,292.0,1933.79,2.525,1453.8,134,181,81,31.10090034082532,121.01332504302263
2026-03-28T00:37:06+00:00,293.0,1941.3,2.525,1476.2,133,167,81,31.100892210379243,121.01324717514217
2026-03-28T00:37:07+00:00,294.0,1948.97,2.525,1506.0,133,166,82,31.10088617540896,121.01316779851913
2026-03-28T00:37:08+00:00,295.0,1956.51,2.525,1522.8,133,159,82,31.100881481543183,121.01308884099126
2026-03-28T00:37:09+00:00,296.0,1964.09,2.525,1537.6,133,152,85,31.10087745822966,121.01300829090178
2026-03-28T00:37:10+00:00,297.0,1972.23,2.526,1543.2,133,148,82,31.10087988898158,121.01292396895587
2026-03-28T00:37:11+00:00,298.0,1980.06,2.526,1545.2,132,145,82,31.100880643352866,121.01284199394286
2026-03-28T00:37:12+00:00,299.0,1987.8,2.526,1554.4,133,145,87,31.100876620039344,121.01276119239628
2026-03-28T00:37:13+00:00,300.0,1995.6,2.525,1573.2,133,154,86,31.10086916014552,121.01267988793552
2026-03-28T00:37:14+00:00,301.0,2003.32,2.525,1575.0,133,157,87,31.100858096033335,121.0125995054841
2026-03-28T00:37:15+00:00,302.0,2011.28,2.525,1590.0,133,149,88,31.10085004940629,121.01251669228077
2026-03-28T00:37:16+00:00,303.0,2019.17,2.525,1586.2,133,149,88,31.100838985294104,121.01243463344872
2026-03-28T00:37:17+00:00,304.0,2027.25,2.525,1584.4,134,145,86,31.10082850791514,121.0123513173312
2026-03-28T00:37:18+00:00,305.0,2035.07,2.525,1590.0,135,142,86,31.100820209831,121.01226867176592
2026-03-28T00:37:19+00:00,306.0,2043.37,2.525,1608.6,135,142,89,31.10081048682332,121.01218284107745
2026-03-28T00:37:20+00:00,307.0,2051.55,2.525,1599.2,135,140,90,31.100799925625324,121.01209818385541
2026-03-28T00:37:21+00:00,308.0,2059.82,2.525,1608.6,135,140,89,31.100792298093438,121.01201260462403
2026-03-28T00:37:22+00:00,309.0,2067.98,2.525,1606.8,136,131,84,31.100785760208964,121.01192886941135
2026-03-28T00:37:23+00:00,310.0,2075.48,2.526,1593.6,136,129,91,31.100778803229332,121.01184991188347
2026-03-28T00:37:24+00:00,311.0,2083.15,2.526,1593.6,136,132,88,31.100775534287095,121.01176760159433
2026-03-28T00:37:25+00:00,312.0,2091.23,2.526,1593.6,138,122,93,31.100773103535175,121.01168193854392
2026-03-28T00:37:26+00:00,313.0,2099.82,2.526,1606.8,139,125,89,31.100770002231002,121.01159359328449
2026-03-28T00:37:27+00:00,314.0,2108.13,2.526,1623.6,140,121,88,31.10076396726072,121.01150809787214
2026-03-28T00:37:28+00:00,315.0,2116.04,2.526,1599.2,142,118,92,31.10075868666172,121.0114252846688
2026-03-28T00:37:29+00:00,316.0,2123.83,2.526,1606.8,142,115,89,31.100753154605627,121.01134180091321
2026-03-28T00:37:30+00:00,317.0,2132.14,2.526,1612.4,142,99,88,31.100745694711804,121.01125437766314
2026-03-28T00:37:31+00:00,318.0,2140.57,2.526,1595.6,142,101,95,31.10073613934219,121.01116796024144
2026-03-28T00:37:32+00:00,319.0,2148.77,2.526,1604.8,142,124,88,31.100730439648032,121.01108204573393
2026-03-28T00:37:33+00:00,320.0,2157.21,2.526,1606.8,142,141,89,31.100726081058383,121.01099462248385
2026-03-28T00:37:34+00:00,321.0,2165.48,2.526,1597.4,142,140,92,31.100726583972573,121.01090870797634
2026-03-28T00:37:35+00:00,322.0,2173.62,2.526,1627.2,142,138,89,31.1007234826684,121.01082396693528
2026-03-28T00:37:36+00:00,323.0,2181.45,2.526,1614.2,142,143,86,31.100716525688767,121.01074165664613
2026-03-28T00:37:37+00:00,324.0,2189.43,2.526,1625.4,142,152,92,31.100710155442357,121.010656747967
2026-03-28T00:37:38+00:00,325.0,2197.87,2.526,1625.4,142,159,88,31.10070386901498,121.01056932471693
2026-03-28T00:37:39+00:00,326.0,2206.17,2.526,1638.4,142,144,85,31.100699258968234,121.0104828234762
2026-03-28T00:37:40+00:00,327.0,2214.26,2.526,1621.6,143,135,92,31.100692050531507,121.01039866916835
2026-03-28T00:37:41+00:00,328.0,2222.26,2.526,1629.2,143,132,93,31.100683081895113,121.01031485013664
2026-03-28T00:37:42+00:00,329.0,2230.45,2.526,1621.6,143,135,89,31.10067654401064,121.01023010909557
2026-03-28T00:37:43+00:00,330.0,2238.34,2.526,1614.2,143,144,91,31.10067503526807,121.01014696061611
2026-03-28T00:37:44+00:00,331.0,2246.55,2.526,1618.0,143,143,88,31.10067260451615,121.01006163284183
2026-03-28T00:37:45+00:00,332.0,2254.38,2.525,1619.8,143,144,93,31.10067126341164,121.00997764617205
2026-03-28T00:37:46+00:00,333.0,2262.76,2.525,1606.8,143,136,89,31.1006664019078,121.00989097729325
2026-03-28T00:37:47+00:00,334.0,2270.82,2.525,1580.6,143,136,89,31.100662630051374,121.00980749353766
2026-03-28T00:37:48+00:00,335.0,2278.61,2.525,1590.0,143,137,88,31.100656846538186,121.00972476415336
2026-03-28T00:37:49+00:00,336.0,2286.82,2.525,1575.0,143,142,88,31.100649470463395,121.00963968783617
2026-03-28T00:37:50+00:00,337.0,2294.93,2.525,1584.4,144,142,85,31.10064335167408,121.00955536589026
2026-03-28T00:37:51+00:00,338.0,2303.19,2.525,1575.0,144,150,87,31.1006370652467,121.00947129540145
2026-03-28T00:37:52+00:00,339.0,2310.68,2.525,1588.0,144,150,84,31.100630359724164,121.00939074531198
2026-03-28T00:37:53+00:00,340.0,2318.73,2.525,1576.8,144,146,91,31.100626839324832,121.00930642336607
2026-03-28T00:37:54+00:00,341.0,2326.84,2.525,1597.4,144,146,86,31.100622983649373,121.00922084413469
2026-03-28T00:37:55+00:00,342.0,2334.95,2.525,1604.8,144,151,89,31.10061845742166,121.00913492962718
2026-03-28T00:37:56+00:00,343.0,2343.35,2.525,1595.6,144,145,92,31.100612422451377,121.00904859602451
2026-03-28T00:37:57+00:00,344.0,2351.5,2.525,1597.4,144,134,83,31.100605130195618,121.00896460935473
2026-03-28T00:37:58+00:00,345.0,2359.38,2.525,1590.0,144,131,90,31.10059834085405,121.00888263434172
2026-03-28T00:37:59+00:00,346.0,2367.01,2.525,1590.0,144,134,87,31.10059163533151,121.00880074314773
2026-03-28T00:38:00+00:00,347.0,2375.27,2.525,1578.8,144,133,88,31.10058719292283,121.00871415808797
2026-03-28T00:38:01+00:00,348.0,2383.54,2.525,1552.6,144,142,88,31.100581074133515,121.00862891413271
2026-03-28T00:38:02+00:00,349.0,2391.62,2.525,1569.4,143,144,85,31.100572692230344,121.00854442454875
2026-03-28T00:38:03+00:00,350.0,2399.89,2.525,1588.0,142,142,87,31.10056716017425,121.00845943205059
2026-03-28T00:38:04+00:00,351.0,2407.54,2.525,1571.2,141,143,85,31.100567495450377,121.00837846286595
2026-03-28T00:38:05+00:00,352.0,2415.55,2.525,1573.2,141,147,89,31.100565902888775,121.0082948114723
2026-03-28T00:38:06+00:00,353.0,2423.47,2.524,1584.4,140,147,88,31.100565819069743,121.00821191444993
2026-03-28T00:38:07+00:00,354.0,2431.46,2.524,1597.4,140,147,85,31.100561460480094,121.00812876597047
2026-03-28T00:38:08+00:00,355.0,2439.42,2.524,1591.8,140,146,88,31.10055735334754,121.00804662331939
2026-03-28T00:38:09+00:00,356.0,2446.88,2.524,1580.6,140,145,89,31.100552324205637,121.00796691142023
2026-03-28T00:38:10+00:00,357.0,2454.84,2.524,1595.6,141,156,91,31.10054712742567,121.00788258947432
2026-03-28T00:38:11+00:00,358.0,2462.85,2.524,1586.2,141,153,88,31.10054117627442,121.00779759697616
2026-03-28T00:38:12+00:00,359.0,2471.33,2.524,1584.4,141,153,92,31.10053639858961,121.0077094193548
2026-03-28T00:38:13+00:00,360.0,2479.81,2.524,1578.8,142,145,90,31.100534638389945,121.00762182846665
2026-03-28T00:38:14+00:00,361.0,2488.09,2.524,1610.4,142,142,88,31.10052709467709,121.00753557868302
2026-03-28T00:38:15+00:00,362.0,2496.36,2.524,1618.0,141,141,93,31.100516617298126,121.00744966417551
2026-03-28T00:38:16+00:00,363.0,2504.73,2.524,1601.2,141,137,90,31.100507900118828,121.00736324675381
2026-03-28T00:38:17+00:00,364.0,2513.01,2.525,1619.8,141,134,93,31.10050362534821,121.00727632641792
2026-03-28T00:38:18+00:00,365.0,2521.31,2.525,1623.6,141,140,84,31.10049868002534,121.00718982517719
2026-03-28T00:38:19+00:00,366.0,2529.5,2.525,1612.4,141,141,89,31.10049633309245,121.00710466504097
2026-03-28T00:38:20+00:00,367.0,2537.51,2.525,1623.6,142,140,92,31.100491723045707,121.00702051073313
2026-03-28T00:38:21+00:00,368.0,2545.71,2.525,1623.6,141,137,88,31.100486777722836,121.00693518295884
2026-03-28T00:38:22+00:00,369.0,2553.89,2.525,1631.0,141,130,87,31.100481916218996,121.00685086101294
2026-03-28T00:38:23+00:00,370.0,2561.71,2.525,1629.2,141,121,89,31.100476048886776,121.00676896981895
2026-03-28T00:38:24+00:00,371.0,2569.45,2.525,1629.2,141,119,90,31.100472193211317,121.0066866595298
2026-03-28T00:38:25+00:00,372.0,2577.58,2.525,1601.2,141,112,92,31.100468086078763,121.00660275667906
2026-03-28T00:38:26+00:00,373.0,2585.31,2.525,1616.0,141,116,93,31.100464398041368,121.00651994347572
2026-03-28T00:38:27+00:00,374.0,2593.66,2.525,1642.2,141,117,85,31.100460374727845,121.00643243640661
2026-03-28T00:38:28+00:00,375.0,2601.67,2.525,1580.6,142,115,91,31.10045526176691,121.00634962320328
2026-03-28T00:38:29+00:00,376.0,2609.61,2.524,1603.0,142,125,90,31.100450651720166,121.0062653850764
2026-03-28T00:38:30+00:00,377.0,2617.9,2.524,1621.6,143,128,90,31.10044838860631,121.0061789676547
2026-03-28T00:38:31+00:00,378.0,2625.73,2.524,1621.6,143,130,93,31.100446125492454,121.00609380751848
2026-03-28T00:38:32+00:00,379.0,2634.4,2.524,1597.4,144,132,88,31.10043967142701,121.00600521080196
2026-03-28T00:38:33+00:00,380.0,2642.84,2.524,1586.2,143,129,89,31.10043623484671,121.00591870956123
2026-03-28T00:38:34+00:00,381.0,2650.96,2.524,1601.2,143,125,85,31.10043128952384,121.00583489052951
2026-03-28T00:38:35+00:00,382.0,2658.61,2.524,1616.0,142,134,90,31.100425254553556,121.00575383752584
2026-03-28T00:38:36+00:00,383.0,2666.53,2.523,1608.6,142,137,88,31.100420895963907,121.005669683218
2026-03-28T00:38:37+00:00,384.0,2674.79,2.523,1595.6,142,148,89,31.100415531545877,121.00558334961534
2026-03-28T00:38:38+00:00,385.0,2682.99,2.523,1588.0,142,152,92,31.100409580394626,121.00549751892686
2026-03-28T00:38:39+00:00,386.0,2691.49,2.523,1623.6,141,155,89,31.100403713062406,121.00541009567678
2026-03-28T00:38:40+00:00,387.0,2699.21,2.523,1601.2,140,154,90,31.1003970913589,121.00532812066376
2026-03-28T00:38:41+00:00,388.0,2707.45,2.523,1604.8,140,141,86,31.100388877093792,121.00524187088013
2026-03-28T00:38:42+00:00,389.0,2715.9,2.523,1606.8,141,140,89,31.10037999227643,121.00515427999198
2026-03-28T00:38:43+00:00,390.0,2724.12,2.523,1584.4,141,125,91,31.10037026926875,121.00507012568414
2026-03-28T00:38:44+00:00,391.0,2731.98,2.523,1586.2,141,132,89,31.100362977012992,121.00498748011887
2026-03-28T00:38:45+00:00,392.0,2739.85,2.523,1578.8,141,140,88,31.10035602003336,121.00490491837263
2026-03-28T00:38:46+00:00,393.0,2747.84,2.523,1573.2,142,130,89,31.100356858223677,121.00482059642673
2026-03-28T00:38:47+00:00,394.0,2756.04,2.523,1567.6,141,129,84,31.100356271490455,121.00473552010953
2026-03-28T00:38:48+00:00,395.0,2764.04,2.523,1580.6,141,128,91,31.100352918729186,121.00465136580169
2026-03-28T00:38:49+00:00,396.0,2772.17,2.524,1576.8,142,133,88,31.100348979234695,121.00456670857966
2026-03-28T00:38:50+00:00,397.0,2780.39,2.524,1582.4,142,132,90,31.100341016426682,121.00448129698634
2026-03-28T00:38:51+00:00,398.0,2788.64,2.524,1603.0,142,131,88,31.100336322560906,121.00439580157399
2026-03-28T00:38:52+00:00,399.0,2796.5,2.524,1586.2,141,132,89,31.100332466885448,121.00431290455163
2026-03-28T00:38:53+00:00,400.0,2804.62,2.524,1604.8,141,132,91,31.100327437743545,121.00422757677734
2026-03-28T00:38:54+00:00,401.0,2812.9,2.524,1601.2,141,131,92,31.10032576136291,121.0041413269937
2026-03-28T00:38:55+00:00,402.0,2821.07,2.524,1621.6,142,135,88,31.100322911515832,121.00405608303845
2026-03-28T00:38:56+00:00,403.0,2829.11,2.524,1634.8,141,138,89,31.10031897202134,121.00397159345448
2026-03-28T00:38:57+00:00,404.0,2837.24,2.524,1646.0,141,128,88,31.100311260670424,121.0038860142231
2026-03-28T00:38:58+00:00,405.0,2845.66,2.524,1646.0,141,119,89,31.100303130224347,121.00379766896367
2026-03-28T00:38:59+00:00,406.0,2854.27,2.523,1657.2,142,128,92,31.10029734671116,121.00370706059039
2026-03-28T00:39:00+00:00,407.0,2863.26,2.523,1675.8,141,130,95,31.10029064118862,121.00361418910325
2026-03-28T00:39:01+00:00,408.0,2871.96,2.523,1660.8,141,129,95,31.100283432751894,121.00352467037737
2026-03-28T00:39:02+00:00,409.0,2879.96,2.523,1629.2,142,86,0,31.10027639195323,121.0034406837076
2026-03-28T00:39:03+00:00,410.0,2888.21,2.523,1597.4,141,0,0,31.100272368639708,121.0033556073904
2026-03-28T00:39:04+00:00,411.0,2895.81,2.523,1576.8,141,0,0,31.100269770249724,121.00327438674867
2026-03-28T00:39:05+00:00,412.0,2903.69,2.522,1567.6,141,0,0,31.100263400003314,121.00319031625986
2026-03-28T00:39:06+00:00,413.0,2911.37,2.522,1420.2,142,0,0,31.100261891260743,121.00310943089426
2026-03-28T00:39:07+00:00,414.0,2918.6,2.522,1272.8,141,0,0,31.100267255678773,121.00303483195603
2026-03-28T00:39:08+00:00,415.0,2924.92,2.522,1061.8,141,0,0,31.100250827148557,121.00297439843416
2026-03-28T00:39:09+00:00,416.0,2930.0,2.522,1052.6,141,0,0,31.100239846855402,121.00292201153934
2026-03-28T00:39:10+00:00,417.0,2935.21,2.522,1123.4,141,48,60,31.100233644247055,121.00286635570228
2026-03-28T00:39:11+00:00,418.0,2940.98,2.522,1160.8,140,195,65,31.100234650075436,121.00280575454235
2026-03-28T00:39:12+00:00,419.0,2947.09,2.522,1220.4,139,200,68,31.100229704752564,121.00274205207825
2026-03-28T00:39:13+00:00,420.0,2953.37,2.523,1261.6,138,199,66,31.10022509470582,121.00267617031932
2026-03-28T00:39:14+00:00,421.0,2960.1,2.523,1298.8,137,176,70,31.10021964646876,121.00260727107525
2026-03-28T00:39:15+00:00,422.0,2966.35,2.523,1325.0,136,170,75,31.1002105101943,121.0025408025831
2026-03-28T00:39:16+00:00,423.0,2973.58,2.522,1358.6,135,186,74,31.100207157433033,121.00246720947325
2026-03-28T00:39:17+00:00,424.0,2980.12,2.522,1379.0,134,183,73,31.10020413994789,121.00239839404821
2026-03-28T00:39:18+00:00,425.0,2986.81,2.522,1382.8,134,175,78,31.10019827261567,121.00232882425189
2026-03-28T00:39:19+00:00,426.0,2993.4,2.522,1401.4,133,164,76,31.100192656740546,121.00225841626525
2026-03-28T00:39:20+00:00,427.0,3000.72,2.522,1422.0,133,164,78,31.100189052522182,121.00218256004155
2026-03-28T00:39:21+00:00,428.0,3007.87,2.522,1429.4,133,168,80,31.10018167644739,121.00210863165557
2026-03-28T00:39:22+00:00,429.0,3014.85,2.522,1442.6,133,178,75,31.10017421655357,121.00203478708863
2026-03-28T00:39:23+00:00,430.0,3022.19,2.523,1444.4,133,169,78,31.100168013945222,121.00195834413171
2026-03-28T00:39:24+00:00,431.0,3029.5,2.523,1442.6,133,166,78,31.100161224603653,121.00188265554607
2026-03-28T00:39:25+00:00,432.0,3036.75,2.523,1457.4,134,156,83,31.100153848528862,121.00180705077946
2026-03-28T00:39:26+00:00,433.0,3044.03,2.524,1461.2,134,148,80,31.100149741396308,121.0017307754606
2026-03-28T00:39:27+00:00,434.0,3051.22,2.524,1455.6,134,144,83,31.10014697536826,121.00165475159883
2026-03-28T00:39:28+00:00,435.0,3058.7,2.525,1463.0,134,138,78,31.100139264017344,121.00157654844224
2026-03-28T00:39:29+00:00,436.0,3066.31,2.525,1478.0,133,140,79,31.10013373196125,121.00149725563824
2026-03-28T00:39:30+00:00,437.0,3073.8,2.526,1472.4,134,142,82,31.100126104429364,121.00141938775778
2026-03-28T00:39:31+00:00,438.0,3081.32,2.526,1494.8,134,157,80,31.100117722526193,121.00134135223925
2026-03-28T00:39:32+00:00,439.0,3088.95,2.526,1489.2,133,177,69,31.10010783188045,121.0012629814446
2026-03-28T00:39:33+00:00,440.0,3096.65,2.526,1513.4,134,175,74,31.10009802505374,121.00118427537382
2026-03-28T00:39:34+00:00,441.0,3103.93,2.526,1513.4,134,174,75,31.100086709484458,121.00110816769302
2026-03-28T00:39:35+00:00,442.0,3111.46,2.526,1530.2,133,176,76,31.10007648356259,121.00102912634611
2026-03-28T00:39:36+00:00,443.0,3119.19,2.526,1521.0,134,165,75,31.100066509097815,121.00094882771373
2026-03-28T00:39:37+00:00,444.0,3127.07,2.526,1541.4,135,155,78,31.100058127194643,121.00086668506265
2026-03-28T00:39:38+00:00,445.0,3135.03,2.527,1554.4,136,155,76,31.10004924237728,121.00078387185931
2026-03-28T00:39:39+00:00,446.0,3143.02,2.527,1545.2,137,152,75,31.100039100274444,121.0007018968463
2026-03-28T00:39:40+00:00,447.0,3150.86,2.527,1543.2,140,147,77,31.100028539076447,121.00062201730907
2026-03-28T00:39:41+00:00,448.0,3158.12,2.527,1548.8,145,153,78,31.100018983706832,121.00054456852376
2026-03-28T00:39:42+00:00,449.0,3166.2,2.528,1575.0,146,165,75,31.100005991756916,121.00046158768237
2026-03-28T00:39:43+00:00,450.0,3174.21,2.528,1567.6,147,173,77,31.09999350272119,121.00038036704063
2026-03-28T00:39:44+00:00,451.0,3181.76,2.528,1580.6,147,175,79,31.099980929866433,121.00030140951276
2026-03-28T00:39:45+00:00,452.0,3189.51,2.528,1562.0,147,168,78,31.09996852464974,121.00022077560425
2026-03-28T00:39:46+00:00,453.0,3197.73,2.529,1595.6,148,160,76,31.099954275414348,121.0001366212964
2026-03-28T00:39:47+00:00,454.0,3205.87,2.529,1619.8,148,159,80,31.099939439445734,121.0000525508076
2026-03-28T00:39:48+00:00,455.0,3214.42,2.529,1649.6,148,159,81,31.09992602840066,120.9999645408243
2026-03-28T00:39:49+00:00,456.0,3223.01,2.529,1662.8,148,143,83,31.09991043806076,120.99987770430744
2026-03-28T00:39:50+00:00,457.0,3231.14,2.529,1675.8,148,131,83,31.099895099177957,120.99979271180928
2026-03-28T00:39:51+00:00,458.0,3239.89,2.529,1690.8,149,121,82,31.0998806823045,120.99970336072147
2026-03-28T00:39:52+00:00,459.0,3248.49,2.529,1713.2,148,110,85,31.09986391849816,120.99961576983333
2026-03-28T00:39:53+00:00,460.0,3256.98,2.528,1748.6,148,104,85,31.099848579615355,120.99952784366906
2026-03-28T00:39:54+00:00,461.0,3265.72,2.528,1720.6,148,100,85,31.099830893799663,120.99944000132382
2026-03-28T00:39:55+00:00,462.0,3274.14,2.527,1759.8,148,104,85,31.099815387278795,120.99935190752149
2026-03-28T00:39:56+00:00,463.0,3283.06,2.527,1756.0,148,109,91,31.099797785282135,120.9992615506053
2026-03-28T00:39:57+00:00,464.0,3291.76,2.526,1767.2,148,107,98,31.099777249619365,120.99917261861265
2026-03-28T00:39:58+00:00,465.0,3300.71,2.526,1780.2,148,111,89,31.09975654631853,120.9990815911442
2026-03-28T00:39:59+00:00,466.0,3310.07,2.525,1795.2,147,98,83,31.099735172465444,120.998988552019
2026-03-28T00:40:00+00:00,467.0,3318.9,2.525,1812.0,147,105,89,31.09971597790718,120.99889861419797
2026-03-28T00:40:01+00:00,468.0,3327.78,2.524,1812.0,147,105,84,31.099694184958935,120.99880817346275
2026-03-28T00:40:02+00:00,469.0,3336.88,2.524,1810.2,146,105,92,31.09967289492488,120.99871614016593
2026-03-28T00:40:03+00:00,470.0,3345.94,2.524,1813.8,146,111,86,31.09965043142438,120.99862486124039
2026-03-28T00:40:04+00:00,471.0,3354.8,2.523,1784.0,145,109,90,31.09962989576161,120.99853500723839
2026-03-28T00:40:05+00:00,472.0,3363.69,2.523,1785.8,145,119,86,31.099606677889824,120.99844565615058
2026-03-28T00:40:06+00:00,473.0,3372.69,2.522,1806.4,144,121,89,31.099585136398673,120.99835471250117
2026-03-28T00:40:07+00:00,474.0,3381.65,2.522,1810.2,143,128,89,31.099561834707856,120.9982636012137
2026-03-28T00:40:08+00:00,475.0,3390.94,2.522,1823.2,143,131,90,31.099536018446088,120.99817081354558
2026-03-28T00:40:09+00:00,476.0,3400.4,2.522,1834.4,143,135,91,31.099508609622717,120.99807735532522
2026-03-28T00:40:10+00:00,477.0,3409.8,2.522,1851.2,143,140,89,31.099482541903853,120.99798305891454
2026-03-28T00:40:11+00:00,478.0,3419.52,2.522,1853.0,143,135,91,31.099454713985324,120.99788800813258
2026-03-28T00:40:12+00:00,479.0,3428.81,2.522,1853.0,143,136,90,31.09942621551454,120.99779572337866
2026-03-28T00:40:13+00:00,480.0,3438.53,2.521,1879.2,144,141,93,31.099397968500853,120.99770058877766
2026-03-28T00:40:14+00:00,481.0,3447.67,2.521,1862.4,143,142,90,31.09936854802072,120.99760998040438
2026-03-28T00:40:15+00:00,482.0,3457.15,2.521,1869.8,143,143,91,31.099340217188,120.99751652218401
2026-03-28T00:40:16+00:00,483.0,3466.4,2.521,1855.0,143,150,92,31.099311467260122,120.99742515943944
2026-03-28T00:40:17+00:00,484.0,3475.78,2.521,1855.0,142,137,88,31.09928003512323,120.99733329378068
2026-03-28T00:40:18+00:00,485.0,3485.43,2.52,1827.0,142,126,92,31.09924927353859,120.99724134430289
2026-03-28T00:40:19+00:00,486.0,3494.08,2.52,1830.6,142,140,95,31.09921658411622,120.99715660326183
2026-03-28T00:40:20+00:00,487.0,3503.52,2.52,1832.6,142,152,88,31.099185487255454,120.9970650728792
2026-03-28T00:40:21+00:00,488.0,3512.94,2.52,1853.0,142,146,95,31.099157575517893,120.99697194993496
2026-03-28T00:40:22+00:00,489.0,3522.39,2.52,1858.6,141,152,88,31.099130166694522,120.99687958136201
2026-03-28T00:40:23+00:00,490.0,3531.48,2.521,1864.2,141,140,89,31.09909730963409,120.99679190665483
2026-03-28T00:40:24+00:00,491.0,3540.3,2.521,1843.8,141,131,93,31.0990656260401,120.99670523777604
2026-03-28T00:40:25+00:00,492.0,3549.95,2.521,1862.4,142,141,88,31.0990381333977,120.9966086782515
2026-03-28T00:40:26+00:00,493.0,3559.7,2.521,1864.2,142,143,90,31.099016005173326,120.99651044234633
2026-03-28T00:40:27+00:00,494.0,3569.15,2.521,1868.0,142,146,92,31.098993038758636,120.99641430191696
2026-03-28T00:40:28+00:00,495.0,3578.95,2.521,1883.0,142,142,93,31.098965127021074,120.99631791003048
2026-03-28T00:40:29+00:00,496.0,3588.37,2.52,1894.2,141,144,89,31.09893218614161,120.99622713401914
2026-03-28T00:40:30+00:00,497.0,3597.73,2.52,1899.8,141,147,93,31.098893461748958,120.99614046514034
2026-03-28T00:40:31+00:00,498.0,3606.95,2.519,1899.8,141,165,89,31.098852641880512,120.99605555646122
2026-03-28T00:40:32+00:00,499.0,3616.45,2.519,1903.4,141,172,93,31.098810900002718,120.99596821703017
2026-03-28T00:40:33+00:00,500.0,3626.05,2.518,1890.4,141,169,95,31.09877184033394,120.99587836302817
2026-03-28T00:40:34+00:00,501.0,3635.73,2.518,1897.8,141,159,96,31.098734876140952,120.99578733555973
2026-03-28T00:40:35+00:00,502.0,3645.11,2.518,1896.0,142,151,95,31.09869908541441,120.99569706246257
2026-03-28T00:40:36+00:00,503.0,3654.97,2.518,1896.0,142,147,93,31.098660109564662,120.99560578353703
2026-03-28T00:40:37+00:00,504.0,3664.21,2.518,1901.6,142,149,96,31.098627168685198,120.99551576189697
2026-03-28T00:40:38+00:00,505.0,3673.66,2.518,1875.4,142,153,93,31.098590958863497,120.99542615935206
2026-03-28T00:40:39+00:00,506.0,3683.16,2.518,1875.4,142,146,91,31.098558520898223,120.99533446133137
2026-03-28T00:40:40+00:00,507.0,3692.44,2.518,1873.6,143,140,95,31.098525915294886,120.9952444396913
2026-03-28T00:40:41+00:00,508.0,3701.89,2.519,1862.4,143,158,96,31.098492052406073,120.99515408277512
2026-03-28T00:40:42+00:00,509.0,3711.18,2.519,1858.6,143,155,92,31.098456596955657,120.99506640806794
2026-03-28T00:40:43+00:00,510.0,3720.2,2.519,1851.2,142,137,89,31.098423404619098,120.99497948773205
2026-03-28T00:40:44+00:00,511.0,3729.28,2.519,1845.6,142,140,93,31.098390128463507,120.99489248357713
2026-03-28T00:40:45+00:00,512.0,3738.32,2.519,1841.8,142,149,89,31.09835651703179,120.9948057308793
2026-03-28T00:40:46+00:00,513.0,3747.32,2.518,1834.4,142,160,88,31.098322737962008,120.99471931345761
2026-03-28T00:40:47+00:00,514.0,3756.66,2.518,1841.8,142,170,92,31.098288455978036,120.9946299623698
2026-03-28T00:40:48+00:00,515.0,3766.16,2.518,1830.6,143,167,88,31.098254173994064,120.99454111419618
2026-03-28T00:40:49+00:00,516.0,3774.85,2.518,1830.6,143,159,89,31.098220981657505,120.99445645697415
2026-03-28T00:40:50+00:00,517.0,3783.93,2.517,1819.4,143,162,89,31.098185945302248,120.99436987191439
2026-03-28T00:40:51+00:00,518.0,3793.26,2.517,1827.0,142,195,92,31.098149735480547,120.99428253248334
2026-03-28T00:40:52+00:00,519.0,3802.37,2.517,1845.6,143,185,89,31.098116962239146,120.99419460631907
2026-03-28T00:40:53+00:00,520.0,3811.44,2.517,1823.2,143,170,93,31.09808544628322,120.9941066801548
2026-03-28T00:40:54+00:00,521.0,3820.66,2.517,1815.8,143,180,87,31.098051331937313,120.9940186701715
2026-03-28T00:40:55+00:00,522.0,3829.94,2.517,1819.4,142,163,92,31.098016714677215,120.99393141455948
2026-03-28T00:40:56+00:00,523.0,3838.73,2.517,1836.2,143,175,87,31.097985114902258,120.99384499713778
2026-03-28T00:40:57+00:00,524.0,3848.17,2.517,1828.8,143,166,89,31.097953179851174,120.9937546402216
2026-03-28T00:40:58+00:00,525.0,3857.18,2.517,1832.6,142,176,90,31.097920574247837,120.9936677198857
2026-03-28T00:40:59+00:00,526.0,3866.42,2.517,1827.0,143,183,90,31.097887633368373,120.9935783687979
2026-03-28T00:41:00+00:00,527.0,3875.82,2.517,1864.2,142,205,93,31.097853938117623,120.99348750896752
2026-03-28T00:41:01+00:00,528.0,3885.14,2.517,1817.6,142,188,88,31.097817979753017,120.99339991807938
2026-03-28T00:41:02+00:00,529.0,3894.36,2.517,1832.6,142,151,92,31.09778151847422,120.99331316538155
2026-03-28T00:41:03+00:00,530.0,3903.66,2.517,1827.0,143,164,86,31.09774782322347,120.99322440102696
2026-03-28T00:41:04+00:00,531.0,3912.91,2.516,1832.6,143,154,92,31.097713876515627,120.99313664250076
2026-03-28T00:41:05+00:00,532.0,3921.85,2.516,1847.4,143,149,91,31.09768177382648,120.99304988980293
2026-03-28T00:41:06+00:00,533.0,3930.76,2.516,1810.2,143,146,92,31.097649168223143,120.99296489730477
2026-03-28T00:41:07+00:00,534.0,3939.52,2.516,1795.2,142,143,91,31.09761974774301,120.99287940189242
2026-03-28T00:41:08+00:00,535.0,3948.39,2.516,1808.2,143,151,88,31.097585130482912,120.99279541522264
2026-03-28T00:41:09+00:00,536.0,3957.07,2.516,1795.2,146,162,88,31.097551099956036,120.9927112609148
2026-03-28T00:41:10+00:00,537.0,3966.37,2.516,1795.2,150,159,91,31.097514890134335,120.99262417294085
2026-03-28T00:41:11+00:00,538.0,3975.27,2.515,1761.6,150,167,86,31.097482619807124,120.99253884516656
2026-03-28T00:41:12+00:00,539.0,3984.11,2.515,1765.4,149,167,86,31.097452277317643,120.99245284684002
2026-03-28T00:41:13+00:00,540.0,3992.88,2.515,1746.8,149,167,84,31.097422018647194,120.99236693233252
2026-03-28T00:41:14+00:00,541.0,4001.94,2.515,1720.6,148,168,88,31.09738958068192,120.99228076636791
2026-03-28T00:41:15+00:00,542.0,4011.05,2.515,1731.8,148,168,84,31.097357561811805,120.99219451658428
2026-03-28T00:41:16+00:00,543.0,4019.54,2.515,1715.0,148,171,84,31.097327135503292,120.99211254157126
2026-03-28T00:41:17+00:00,544.0,4028.23,2.515,1726.2,148,191,88,31.097295451909304,120.99202947691083
2026-03-28T00:41:18+00:00,545.0,4036.87,2.515,1728.0,148,202,85,31.097263600677252,120.99194750189781
2026-03-28T00:41:19+00:00,546.0,4045.31,2.515,1728.0,148,204,87,31.09723183326423,120.99186602979898
2026-03-28T00:41:20+00:00,547.0,4054.1,2.516,1750.4,149,214,89,31.097201574593782,120.99178003147244
2026-03-28T00:41:21+00:00,548.0,4062.86,2.516,1724.4,149,207,83,31.09717064537108,120.991694284603
2026-03-28T00:41:22+00:00,549.0,4072.21,2.516,1763.6,149,187,85,31.09713594429195,120.99160619080067
2026-03-28T00:41:23+00:00,550.0,4081.22,2.516,1759.8,149,181,85,31.097101578488946,120.99152195267379
2026-03-28T00:41:24+00:00,551.0,4089.6,2.516,1730.0,149,179,85,31.097071655094624,120.99144064821303
2026-03-28T00:41:25+00:00,552.0,4098.12,2.516,1707.6,149,175,91,31.097041396424174,120.99135817028582
2026-03-28T00:41:26+00:00,553.0,4106.71,2.516,1707.6,149,191,82,31.097008707001805,120.99127720110118
2026-03-28T00:41:27+00:00,554.0,4114.73,2.516,1659.0,149,167,85,31.096979789435863,120.9911987464875
2026-03-28T00:41:28+00:00,555.0,4123.15,2.515,1627.2,149,152,85,31.096946010366082,120.99111970514059
2026-03-28T00:41:29+00:00,556.0,4131.48,2.516,1644.0,149,42,81,31.096916673704982,120.99103722721338
2026-03-28T00:41:30+00:00,557.0,4140.54,2.516,1664.6,150,93,84,31.096883146092296,120.99095282144845
2026-03-28T00:41:31+00:00,558.0,4149.07,2.516,1690.8,150,208,80,31.09685305505991,120.99087067879736
2026-03-28T00:41:32+00:00,559.0,4157.37,2.516,1649.6,150,199,83,31.096821539103985,120.99079155363142
2026-03-28T00:41:33+00:00,560.0,4165.93,2.517,1666.4,150,181,79,31.096792370080948,120.99070924334228
2026-03-28T00:41:34+00:00,561.0,4174.37,2.517,1666.4,150,181,75,31.0967637039721,120.99062819033861
2026-03-28T00:41:35+00:00,562.0,4182.49,2.517,1668.4,149,174,82,31.09673570841551,120.99054839462042
2026-03-28T00:41:36+00:00,563.0,4190.76,2.517,1638.4,149,179,85,31.096708299592137,120.99046776071191
2026-03-28T00:41:37+00:00,564.0,4199.1,2.517,1625.4,149,185,84,31.09667862765491,120.99038762971759
2026-03-28T00:41:38+00:00,565.0,4207.5,2.518,1662.8,149,182,80,31.09664484858513,120.99030867218971
2026-03-28T00:41:39+00:00,566.0,4215.98,2.518,1679.6,149,187,84,31.096614003181458,120.99022703245282
2026-03-28T00:41:40+00:00,567.0,4224.65,2.518,1681.4,149,177,85,31.09658231958747,120.99014514125884
2026-03-28T00:41:41+00:00,568.0,4233.0,2.518,1688.8,149,186,82,31.09655063599348,120.99006484262645
2026-03-28T00:41:42+00:00,569.0,4241.56,2.518,1692.6,149,184,85,31.096519706770778,120.98998177796602
2026-03-28T00:41:43+00:00,570.0,4250.23,2.517,1687.0,149,168,78,31.09648760408163,120.98989837802947
2026-03-28T00:41:44+00:00,571.0,4259.05,2.517,1685.2,148,171,91,31.09645524993539,120.98981413990259
2026-03-28T00:41:45+00:00,572.0,4267.62,2.517,1659.0,148,171,82,31.096425410360098,120.98973073996603
2026-03-28T00:41:46+00:00,573.0,4276.18,2.518,1627.2,148,85,0,31.09639481641352,120.98964834585786
2026-03-28T00:41:47+00:00,574.0,4284.66,2.518,1591.8,148,0,0,31.096364557743073,120.98956787958741
2026-03-28T00:41:48+00:00,575.0,4292.76,2.518,1578.8,148,0,0,31.096334299072623,120.98949051462114
2026-03-28T00:41:49+00:00,576.0,4300.67,2.518,1547.0,148,0,0,31.09630378894508,120.98941499367356
2026-03-28T00:41:50+00:00,577.0,4308.52,2.519,1507.8,149,0,0,31.096274619922042,120.98934114910662
2026-03-28T00:41:51+00:00,578.0,4315.95,2.518,1489.2,150,0,0,31.096242936328053,120.98927174694836
2026-03-28T00:41:52+00:00,579.0,4323.69,2.519,1493.0,151,0,0,31.096214521676302,120.98919807001948
2026-03-28T00:41:53+00:00,580.0,4331.38,2.519,1491.0,151,80,73,31.09618811868131,120.98912414163351
2026-03-28T00:41:54+00:00,581.0,4338.94,2.519,1506.0,151,120,76,31.09616171568632,120.98905130289495
2026-03-28T00:41:55+00:00,582.0,4346.38,2.519,1515.4,151,153,80,31.096137072890997,120.98897863179445
2026-03-28T00:41:56+00:00,583.0,4353.83,2.519,1504.2,150,148,70,31.096108574420214,120.98890788853168
2026-03-28T00:41:57+00:00,584.0,4361.35,2.519,1506.0,149,137,77,31.096079740673304,120.98883714526892
2026-03-28T00:41:58+00:00,585.0,4368.53,2.518,1496.6,148,134,73,31.096052331849933,120.98876765929163
2026-03-28T00:41:59+00:00,586.0,4376.13,2.518,1478.0,148,127,75,31.09602282755077,120.98869565874338
2026-03-28T00:42:00+00:00,587.0,4383.6,2.518,1466.8,148,123,72,31.095995418727398,120.98862374201417
2026-03-28T00:42:01+00:00,588.0,4391.22,2.518,1457.4,147,127,73,31.095970273017883,120.98855081945658
2026-03-28T00:42:02+00:00,589.0,4398.31,2.518,1451.8,146,136,70,31.095945965498686,120.98848141729832
2026-03-28T00:42:03+00:00,590.0,4405.47,2.518,1446.2,145,132,73,31.095917550846934,120.98841260187328
2026-03-28T00:42:04+00:00,591.0,4413.3,2.518,1442.6,144,137,71,31.09588796272874,120.98833984695375
2026-03-28T00:42:05+00:00,592.0,4420.97,2.518,1442.6,141,133,72,31.095860889181495,120.9882683493197
2026-03-28T00:42:06+00:00,593.0,4427.72,2.518,1453.8,139,143,69,31.095834570005536,120.9882025513798
2026-03-28T00:42:07+00:00,594.0,4435.02,2.519,1463.0,138,142,73,31.095807999372482,120.98813214339316
2026-03-28T00:42:08+00:00,595.0,4442.3,2.519,1465.0,138,155,73,31.095780758187175,120.98806257359684
2026-03-28T00:42:09+00:00,596.0,4449.84,2.52,1479.8,138,147,75,31.095750080421567,120.98799308761954
2026-03-28T00:42:10+00:00,597.0,4456.76,2.52,1450.0,137,145,75,31.09572233632207,120.98792728967965
2026-03-28T00:42:11+00:00,598.0,4464.02,2.521,1470.6,138,158,74,31.095691323280334,120.98785931244493
2026-03-28T00:42:12+00:00,599.0,4471.58,2.521,1487.4,138,172,73,31.09565938822925,120.98778882063925
2026-03-28T00:42:13+00:00,600.0,4479.39,2.521,1507.8,138,189,75,31.09562812373042,120.98771648481488
2026-03-28T00:42:14+00:00,601.0,4487.0,2.521,1526.6,139,199,71,31.095598032698035,120.9876446519047
2026-03-28T00:42:15+00:00,602.0,4494.62,2.522,1517.2,140,183,77,31.095566181465983,120.98757407628
2026-03-28T00:42:16+00:00,603.0,4502.49,2.522,1519.0,141,183,75,31.095534497871995,120.98750148899853
2026-03-28T00:42:17+00:00,604.0,4510.38,2.522,1530.2,141,175,74,31.095502814278007,120.98742915317416
2026-03-28T00:42:18+00:00,605.0,4517.66,2.522,1534.0,141,169,80,31.09547020867467,120.98736176267266
2026-03-28T00:42:19+00:00,606.0,4525.23,2.522,1537.6,141,164,75,31.09543793834746,120.9872910194099
2026-03-28T00:42:20+00:00,607.0,4533.09,2.522,1534.0,141,160,74,31.095404578372836,120.98721876740456
2026-03-28T00:42:21+00:00,608.0,4540.87,2.521,1562.0,142,149,78,31.095371805131435,120.98714584484696
2026-03-28T00:42:22+00:00,609.0,4548.83,2.521,1562.0,143,163,73,31.095340037718415,120.9870711620897
2026-03-28T00:42:23+00:00,610.0,4556.62,2.521,1569.4,144,162,79,31.095307264477015,120.98699916154146
2026-03-28T00:42:24+00:00,611.0,4564.29,2.521,1552.6,145,166,75,31.095276419073343,120.9869284182787
2026-03-28T00:42:25+00:00,612.0,4571.73,2.521,1567.6,146,152,77,31.095244148746133,120.98685826174915
2026-03-28T00:42:26+00:00,613.0,4579.26,2.521,1524.6,147,158,74,31.09521271660924,120.98678877577186
2026-03-28T00:42:27+00:00,614.0,4586.88,2.521,1563.8,148,162,77,31.09517801553011,120.98671920597553
2026-03-28T00:42:28+00:00,615.0,4594.47,2.521,1550.8,148,172,81,31.0951423086226,120.98665122874081
2026-03-28T00:42:29+00:00,616.0,4602.48,2.521,1562.0,148,177,76,31.095104003325105,120.98658157512546
2026-03-28T00:42:30+00:00,617.0,4610.3,2.521,1567.6,147,168,83,31.095066787675023,120.98651259206235
2026-03-28T00:42:31+00:00,618.0,4617.75,2.521,1569.4,147,176,77,31.095028817653656,120.98644461482763
2026-03-28T00:42:32+00:00,619.0,4625.99,2.521,1562.0,147,166,78,31.094991015270352,120.9863686747849
2026-03-28T00:42:33+00:00,620.0,4634.62,2.521,1569.4,147,157,79,31.094952123239636,120.9862925671041
2026-03-28T00:42:34+00:00,621.0,4642.67,2.52,1556.4,147,157,75,31.094913817942142,120.98622182384133
2026-03-28T00:42:35+00:00,622.0,4650.67,2.52,1586.2,146,158,80,31.094878781586885,120.98614864982665
2026-03-28T00:42:36+00:00,623.0,4658.43,2.52,1569.4,146,177,77,31.09484282322228,120.98607891239226
2026-03-28T00:42:37+00:00,624.0,4666.73,2.52,1606.8,146,179,79,31.09480225481093,120.98600707948208
2026-03-28T00:42:38+00:00,625.0,4674.55,2.52,1606.8,146,174,77,31.094762608408928,120.98593859933317
2026-03-28T00:42:39+00:00,626.0,4682.41,2.52,1597.4,146,157,77,31.094724973663688,120.98586743697524
2026-03-28T00:42:40+00:00,627.0,4690.61,2.52,1593.6,147,155,80,31.0946845728904,120.98579568788409
2026-03-28T00:42:41+00:00,628.0,4698.82,2.52,1599.2,146,165,80,31.094646267592907,120.9857227653265
2026-03-28T00:42:42+00:00,629.0,4706.66,2.52,1590.0,147,170,77,31.09460972249508,120.98565235733986
2026-03-28T00:42:43+00:00,630.0,4714.44,2.52,1588.0,147,168,77,31.09457158483565,120.98558303900063
2026-03-28T00:42:44+00:00,631.0,4722.14,2.52,1556.4,147,185,81,31.094532357528806,120.98551497794688
2026-03-28T00:42:45+00:00,632.0,4730.45,2.521,1567.6,147,201,78,31.094491789117455,120.9854431450367
2026-03-28T00:42:46+00:00,633.0,4738.0,2.521,1550.8,147,191,77,31.094452729448676,120.98537525162101
2026-03-28T00:42:47+00:00,634.0,4746.68,2.521,1571.2,147,181,78,31.094406880438328,120.98530165851116
2026-03-28T00:42:48+00:00,635.0,4755.39,2.521,1576.8,146,176,81,31.094361199066043,120.98522890359163
2026-03-28T00:42:49+00:00,636.0,4763.98,2.522,1593.6,147,187,75,31.094315852969885,120.98515740595758
2026-03-28T00:42:50+00:00,637.0,4772.12,2.522,1599.2,147,179,78,31.09427411109209,120.9850874170661
2026-03-28T00:42:51+00:00,638.0,4780.13,2.522,1591.8,146,176,80,31.094232369214296,120.98501784726977
2026-03-28T00:42:52+00:00,639.0,4788.34,2.522,1580.6,146,170,78,31.094191297888756,120.98494693636894
2026-03-28T00:42:53+00:00,640.0,4796.48,2.522,1593.6,145,165,75,31.094149136915803,120.98487753421068
2026-03-28T00:42:54+00:00,641.0,4804.5,2.522,1584.4,145,172,78,31.094106640666723,120.98481022752821
2026-03-28T00:42:55+00:00,642.0,4812.34,2.522,1588.0,144,173,76,31.094063138589263,120.98474417813122
2026-03-28T00:42:56+00:00,643.0,4820.65,2.522,1590.0,144,156,77,31.094019887968898,120.9846743568778
2026-03-28T00:42:57+00:00,644.0,4828.56,2.522,1597.4,143,154,79,31.0939765535295,120.98460788838565
2026-03-28T00:42:58+00:00,645.0,4836.39,2.522,1569.4,144,154,80,31.0939316265285,120.98454435355961
2026-03-28T00:42:59+00:00,646.0,4844.44,2.522,1576.8,144,145,78,31.093886699527502,120.98447805270553
2026-03-28T00:43:00+00:00,647.0,4852.43,2.522,1584.4,144,125,80,31.09384059906006,120.9844137635082
2026-03-28T00:43:01+00:00,648.0,4860.18,2.522,1575.0,143,136,78,31.093798521906137,120.98434737883508
2026-03-28T00:43:02+00:00,649.0,4868.1,2.523,1519.0,144,136,111,31.0937556065619,120.98428258672357
2026-03-28T00:43:03+00:00,650.0,4875.45,2.523,1470.6,144,136,111,31.09371160157025,120.98422416485846
2026-03-28T00:43:04+00:00,651.0,4883.11,2.523,1459.4,144,0,0,31.093668518587947,120.98416264168918
2026-03-28T00:43:05+00:00,652.0,4890.32,2.523,1422.0,144,0,0,31.093629794195294,120.98410262726247
2026-03-28T00:43:06+00:00,653.0,4897.21,2.524,1397.8,145,0,0,31.09359056688845,120.98404621705413
2026-03-28T00:43:07+00:00,654.0,4904.37,2.524,1395.8,145,0,0,31.09354798682034,120.98399173468351
2026-03-28T00:43:08+00:00,655.0,4911.04,2.524,1394.0,145,127,66,31.093508005142212,120.98393918015063
2026-03-28T00:43:09+00:00,656.0,4917.69,2.523,1397.8,145,121,68,31.093470454216003,120.9838836081326
2026-03-28T00:43:10+00:00,657.0,4924.65,2.523,1401.4,145,133,73,31.09343365766108,120.98382459953427
2026-03-28T00:43:11+00:00,658.0,4931.77,2.523,1423.8,145,133,70,31.09339753165841,120.98376265726984
2026-03-28T00:43:12+00:00,659.0,4938.67,2.523,1423.8,145,126,74,31.093361573293805,120.98370272666216
2026-03-28T00:43:13+00:00,660.0,4945.62,2.523,1414.6,144,124,71,31.093326369300485,120.983641538769
2026-03-28T00:43:14+00:00,661.0,4952.93,2.523,1422.0,144,122,69,31.09328697435558,120.98357959650457
2026-03-28T00:43:15+00:00,662.0,4960.4,2.523,1435.0,144,125,68,31.09324255026877,120.98352117463946
2026-03-28T00:43:16+00:00,663.0,4967.54,2.523,1435.0,143,124,67,31.093199383467436,120.98346426151693
2026-03-28T00:43:17+00:00,664.0,4975.24,2.523,1433.2,143,116,75,31.093152528628707,120.98340592347085
2026-03-28T00:43:18+00:00,665.0,4982.76,2.523,1455.6,143,133,73,31.09310341067612,120.98335236310959
2026-03-28T00:43:19+00:00,666.0,4989.94,2.524,1466.8,143,135,71,31.093054376542568,120.98330232314765
2026-03-28T00:43:20+00:00,667.0,4997.43,2.524,1457.4,143,134,71,31.093005426228046,120.98324918188155
2026-03-28T00:43:21+00:00,668.0,5004.92,2.524,1466.8,142,136,75,31.092958487570286,120.98319419659674
2026-03-28T00:43:22+00:00,669.0,5012.25,2.524,1493.0,142,146,70,31.092910710722208,120.98314080387354
2026-03-28T00:43:23+00:00,670.0,5019.65,2.524,1507.8,142,142,69,31.09286343678832,120.98308498039842
2026-03-28T00:43:24+00:00,671.0,5027.49,2.523,1509.8,142,140,76,31.09281700104475,120.98302454687655
2026-03-28T00:43:25+00:00,672.0,5034.97,2.523,1530.2,142,137,76,31.092770397663116,120.98296721465886
2026-03-28T00:43:26+00:00,673.0,5042.57,2.523,1528.4,142,139,72,31.092723375186324,120.98290887661278
2026-03-28T00:43:27+00:00,674.0,5050.22,2.523,1532.0,142,140,75,31.09267584979534,120.98285120911896
2026-03-28T00:43:28+00:00,675.0,5057.69,2.523,1522.8,142,144,76,31.092630671337247,120.98279220052063
2026-03-28T00:43:29+00:00,676.0,5065.52,2.523,1534.0,143,136,76,31.092580128461123,120.98273486830294
2026-03-28T00:43:30+00:00,677.0,5073.25,2.523,1528.4,142,129,73,31.092530842870474,120.98267753608525
2026-03-28T00:43:31+00:00,678.0,5081.16,2.523,1530.2,141,124,77,31.092482646927238,120.98261844366789
2026-03-28T00:43:32+00:00,679.0,5088.53,2.523,1524.6,141,136,71,31.09243830665946,120.98256002180278
2026-03-28T00:43:33+00:00,680.0,5096.08,2.523,1513.4,140,135,78,31.09239279292524,120.98250042647123
2026-03-28T00:43:34+00:00,681.0,5103.73,2.523,1509.8,140,142,74,31.092345099896193,120.98244183696806
2026-03-28T00:43:35+00:00,682.0,5111.4,2.523,1500.4,140,151,74,31.092296736314893,120.98238475620747
2026-03-28T00:43:36+00:00,683.0,5118.78,2.523,1483.6,140,151,74,31.092251054942608,120.98232792690396
2026-03-28T00:43:37+00:00,684.0,5126.38,2.523,1474.2,140,154,69,31.09220470301807,120.98227059468627
2026-03-28T00:43:38+00:00,685.0,5133.43,2.523,1479.8,140,166,75,31.092160362750292,120.98221577703953
2026-03-28T00:43:39+00:00,686.0,5141.0,2.523,1461.2,140,186,76,31.09211476519704,120.98215802572668
2026-03-28T00:43:40+00:00,687.0,5148.22,2.523,1451.8,140,181,66,31.09207084402442,120.98210245370865
2026-03-28T00:43:41+00:00,688.0,5155.26,2.523,1442.6,140,176,73,31.092026503756642,120.98204897716641
2026-03-28T00:43:42+00:00,689.0,5162.48,2.523,1435.0,140,184,66,31.091983253136277,120.98199181258678
2026-03-28T00:43:43+00:00,690.0,5169.7,2.523,1392.2,140,183,73,31.091940505430102,120.98193548619747
2026-03-28T00:43:44+00:00,691.0,5176.67,2.523,1369.8,141,168,65,31.091897003352642,120.98188293166459
2026-03-28T00:43:45+00:00,692.0,5183.36,2.524,1347.4,140,162,68,31.09185492619872,120.9818319696933
2026-03-28T00:43:46+00:00,693.0,5190.11,2.524,1310.0,140,158,71,31.091813603416085,120.98178075626493
2026-03-28T00:43:47+00:00,694.0,5196.68,2.525,1298.8,141,143,61,31.09177328646183,120.98173054866493
2026-03-28T00:43:48+00:00,695.0,5202.93,2.526,1261.6,140,167,67,31.09173464588821,120.98168151453137
2026-03-28T00:43:49+00:00,696.0,5209.43,2.527,1229.8,140,149,59,31.09169508330524,120.98163289949298
2026-03-28T00:43:50+00:00,697.0,5215.32,2.527,1207.4,140,167,66,31.091658622026443,120.98158713430166
2026-03-28T00:43:51+00:00,698.0,5221.33,2.528,1186.8,140,141,57,31.09162081964314,120.9815422911197
2026-03-28T00:43:52+00:00,699.0,5226.91,2.529,1162.6,140,154,57,31.091584777459502,120.98149979487062
2026-03-28T00:43:53+00:00,700.0,5233.0,2.53,1132.8,139,161,57,31.091547226533294,120.98145419731736
2026-03-28T00:43:54+00:00,701.0,5238.7,2.531,1108.4,139,167,59,31.091509591788054,120.98141379654408
2026-03-28T00:43:55+00:00,702.0,5244.05,2.531,1061.8,138,150,53,31.091476818546653,120.98137222230434
2026-03-28T00:43:56+00:00,703.0,5249.39,2.532,1033.8,138,124,53,31.091447481885552,120.98132830113173
2026-03-28T00:43:57+00:00,704.0,5254.45,2.533,1000.2,138,121,47,31.091419151052833,120.9812864754349
2026-03-28T00:43:58+00:00,705.0,5259.51,2.535,985.4,138,125,47,31.091387886554003,120.9812484215945
2026-03-28T00:43:59+00:00,706.0,5264.28,2.535,977.8,139,143,50,31.091358717530966,120.98121095448732
2026-03-28T00:44:00+00:00,707.0,5269.24,2.536,968.6,138,154,49,31.09132904559374,120.98117273300886
2026-03-28T00:44:01+00:00,708.0,5273.8,2.537,964.8,138,148,46,31.09130029566586,120.98113736137748
2026-03-28T00:44:02+00:00,709.0,5278.61,2.538,951.8,138,147,47,31.091270875185728,120.98110022954643
2026-03-28T00:44:03+00:00,710.0,5283.46,2.539,940.6,138,150,47,31.091239862143993,120.98106485791504
2026-03-28T00:44:04+00:00,711.0,5288.04,2.54,933.0,138,157,46,31.091210525482893,120.98102982155979
2026-03-28T00:44:05+00:00,712.0,5292.89,2.54,929.4,138,162,46,31.091181440278888,120.98099227063358
2026-03-28T00:44:06+00:00,713.0,5297.67,2.541,918.2,138,157,44,31.09115227125585,120.98095656372607
2026-03-28T00:44:07+00:00,714.0,5302.23,2.541,912.6,138,154,44,31.091124610975385,120.98092119209468
2026-03-28T00:44:08+00:00,715.0,5306.96,2.541,907.0,138,156,46,31.09109653159976,120.98088548518717
2026-03-28T00:44:09+00:00,716.0,5311.18,2.542,899.4,139,164,44,31.091070296242833,120.98085237666965
2026-03-28T00:44:10+00:00,717.0,5315.63,2.542,888.2,140,169,44,31.091042635962367,120.98081893287599
2026-03-28T00:44:11+00:00,718.0,5319.91,2.543,875.2,140,143,42,31.09101732261479,120.98078439943492
2026-03-28T00:44:12+00:00,719.0,5324.26,2.544,858.4,140,140,43,31.090990751981735,120.98075020126998
2026-03-28T00:44:13+00:00,720.0,5328.83,2.545,862.2,141,139,43,31.09096367843449,120.98071533255279
2026-03-28T00:44:14+00:00,721.0,5333.08,2.545,858.4,141,139,42,31.090936940163374,120.98068440333009
2026-03-28T00:44:15+00:00,722.0,5337.02,2.546,849.0,141,142,42,31.090911207720637,120.98065439611673
2026-03-28T00:44:16+00:00,723.0,5341.1,2.547,843.4,140,142,41,31.09088539145887,120.98062212578952
2026-03-28T00:44:17+00:00,724.0,5345.57,2.547,828.6,140,143,41,31.09085764735937,120.98058985546231
2026-03-28T00:44:18+00:00,725.0,5349.7,2.548,837.8,140,129,40,31.090832417830825,120.9805578365922
2026-03-28T00:44:19+00:00,726.0,5353.73,2.548,847.2,140,128,40,31.090807607397437,120.9805264044553
2026-03-28T00:44:20+00:00,727.0,5357.93,2.549,845.4,140,129,41,31.09078095294535,120.98049555905163
2026-03-28T00:44:21+00:00,728.0,5361.98,2.549,851.0,141,132,41,31.090754717588425,120.98046395927668
2026-03-28T00:44:22+00:00,729.0,5366.48,2.55,841.6,140,131,42,31.09072621911764,120.98043110221624
2026-03-28T00:44:23+00:00,730.0,5370.91,2.55,836.0,140,130,42,31.09069780446589,120.98039916716516
2026-03-28T00:44:24+00:00,731.0,5375.22,2.551,847.2,141,130,42,31.090671736747026,120.98036488518119
2026-03-28T00:44:25+00:00,732.0,5379.84,2.551,854.6,140,130,40,31.090644747018814,120.9803297650069
2026-03-28T00:44:26+00:00,733.0,5384.03,2.552,882.6,140,131,43,31.090619014576077,120.98029632121325
2026-03-28T00:44:27+00:00,734.0,5388.55,2.552,882.6,140,135,41,31.090590683743358,120.98026287741959
2026-03-28T00:44:28+00:00,735.0,5393.06,2.553,905.0,141,143,41,31.090562352910638,120.98022867925465
2026-03-28T00:44:29+00:00,736.0,5397.67,2.553,910.6,140,145,47,31.09053310006857,120.98019464872777
2026-03-28T00:44:30+00:00,737.0,5402.26,2.553,918.2,140,139,44,31.090504014864564,120.9801606182009
2026-03-28T00:44:31+00:00,738.0,5407.0,2.553,942.4,140,136,44,31.090474259108305,120.98012524656951
2026-03-28T00:44:32+00:00,739.0,5411.9,2.554,968.6,140,157,45,31.090445509180427,120.98008694127202
2026-03-28T00:44:33+00:00,740.0,5416.76,2.554,994.6,140,177,50,31.090414663776755,120.9800501447171
2026-03-28T00:44:34+00:00,741.0,5421.78,2.555,1007.8,140,183,46,31.090384405106306,120.98001091741025
2026-03-28T00:44:35+00:00,742.0,5426.84,2.556,1024.6,140,179,50,31.090352134779096,120.97997294738889
2026-03-28T00:44:36+00:00,743.0,5432.05,2.556,1043.2,140,167,52,31.09032103791833,120.97993162460625
2026-03-28T00:44:37+00:00,744.0,5437.47,2.556,1052.6,140,165,52,31.09028826467693,120.97989030182362
2026-03-28T00:44:38+00:00,745.0,5442.85,2.557,1069.2,141,153,50,31.090255826711655,120.97984847612679
2026-03-28T00:44:39+00:00,746.0,5448.26,2.557,1067.4,141,143,52,31.090221712365746,120.97980908118188
2026-03-28T00:44:40+00:00,747.0,5453.44,2.557,1067.4,140,143,54,31.09019053168595,120.97976809367537
2026-03-28T00:44:41+00:00,748.0,5458.69,2.557,1071.2,140,150,53,31.090159099549055,120.97972677089274
2026-03-28T00:44:42+00:00,749.0,5463.98,2.557,1078.6,140,142,52,31.09012615866959,120.9796859510243
2026-03-28T00:44:43+00:00,750.0,5469.44,2.558,1086.0,140,138,53,31.090092798694968,120.97964370623231
2026-03-28T00:44:44+00:00,751.0,5474.92,2.558,1088.0,139,140,52,31.09006061218679,120.97960045561194
2026-03-28T00:44:45+00:00,752.0,5480.43,2.559,1093.6,140,138,55,31.090026078745723,120.97955913282931
2026-03-28T00:44:46+00:00,753.0,5485.86,2.559,1104.8,139,142,55,31.089991126209497,120.97951873205602
2026-03-28T00:44:47+00:00,754.0,5491.38,2.559,1116.0,139,142,53,31.08995558694005,120.97947757691145
2026-03-28T00:44:48+00:00,755.0,5497.12,2.56,1123.4,139,138,55,31.089919293299317,120.97943466156721
2026-03-28T00:44:49+00:00,756.0,5502.94,2.56,1140.2,138,138,58,31.089881407096982,120.97939317114651
2026-03-28T00:44:50+00:00,757.0,5508.64,2.561,1158.8,137,144,55,31.089844861999154,120.9793503396213
2026-03-28T00:44:51+00:00,758.0,5514.63,2.561,1181.2,137,146,56,31.089807143434882,120.97930524498224
2026-03-28T00:44:52+00:00,759.0,5520.75,2.561,1207.4,137,155,57,31.089767161756754,120.97926140762866
2026-03-28T00:44:53+00:00,760.0,5526.96,2.562,1220.4,137,159,63,31.08972877264023,120.97921530716121
2026-03-28T00:44:54+00:00,761.0,5533.18,2.562,1267.2,137,167,58,31.089690467342734,120.97916719503701
2026-03-28T00:44:55+00:00,762.0,5539.52,2.562,1293.2,137,169,61,31.089649982750416,120.97911983728409
2026-03-28T00:44:56+00:00,763.0,5546.11,2.563,1310.0,138,155,68,31.08960773795843,120.97907172515988
2026-03-28T00:44:57+00:00,764.0,5552.84,2.563,1339.8,138,143,61,31.089566415175796,120.97902009263635
2026-03-28T00:44:58+00:00,765.0,5559.75,2.563,1367.8,138,142,68,31.089524254202843,120.97896720282733
2026-03-28T00:44:59+00:00,766.0,5566.52,2.562,1381.0,139,152,69,31.089483685791492,120.978913474828
2026-03-28T00:45:00+00:00,767.0,5573.65,2.562,1397.8,138,141,69,31.089442279189825,120.97885622642934
2026-03-28T00:45:01+00:00,768.0,5580.76,2.562,1418.2,138,128,68,31.089397436007857,120.97880224697292
2026-03-28T00:45:02+00:00,769.0,5588.21,2.561,1446.2,139,118,70,31.089350916445255,120.97874659113586
2026-03-28T00:45:03+00:00,770.0,5595.63,2.561,1470.6,139,117,71,31.08930573798716,120.9786893427372
2026-03-28T00:45:04+00:00,771.0,5603.06,2.56,1506.0,139,126,71,31.089260056614876,120.97863159142435
2026-03-28T00:45:05+00:00,772.0,5610.57,2.56,1519.0,139,130,76,31.089214961975813,120.97857224754989
2026-03-28T00:45:06+00:00,773.0,5618.54,2.56,1554.4,139,125,72,31.089166766032577,120.97851105965674
2026-03-28T00:45:07+00:00,774.0,5626.33,2.559,1580.6,139,124,83,31.089117480441928,120.97845213487744
2026-03-28T00:45:08+00:00,775.0,5634.47,2.559,1597.4,140,124,83,31.089065931737423,120.97839220426977
2026-03-28T00:45:09+00:00,776.0,5642.4,2.558,1603.0,140,0,0,31.089018490165472,120.97833001054823
2026-03-28T00:45:10+00:00,777.0,5650.58,2.557,1610.4,141,0,0,31.08897054567933,120.97826555371284
2026-03-28T00:45:11+00:00,778.0,5658.6,2.556,1619.8,141,0,0,31.08892058953643,120.97820403054357
2026-03-28T00:45:12+00:00,779.0,5666.87,2.556,1625.4,141,0,0,31.088869962841272,120.97814108245075
2026-03-28T00:45:13+00:00,780.0,5674.95,2.554,1634.8,141,0,0,31.088821850717068,120.97807721234858
2026-03-28T00:45:14+00:00,781.0,5683.35,2.553,1638.4,141,0,0,31.08877206221223,120.97801183350384
2026-03-28T00:45:15+00:00,782.0,5691.59,2.552,1659.0,141,0,0,31.088723530992866,120.97794687375426
2026-03-28T00:45:16+00:00,783.0,5699.8,2.551,1672.0,141,0,0,31.08867382630706,120.97788367420435
2026-03-28T00:45:17+00:00,784.0,5708.01,2.55,1694.4,140,0,0,31.08862546272576,120.9778169542551
2026-03-28T00:45:18+00:00,785.0,5716.62,2.549,1703.8,139,0,0,31.088575003668666,120.97774872556329
2026-03-28T00:45:19+00:00,786.0,5725.25,2.548,1715.0,139,0,0,31.088525047525764,120.97767999395728
2026-03-28T00:45:20+00:00,787.0,5733.88,2.547,1735.6,139,0,0,31.08847743831575,120.97760774195194
2026-03-28T00:45:21+00:00,788.0,5742.65,2.546,1758.0,139,0,0,31.088429912924767,120.97753339447081
2026-03-28T00:45:22+00:00,789.0,5751.78,2.544,1772.8,139,0,0,31.088381381705403,120.97745753824711
2026-03-28T00:45:23+00:00,790.0,5760.73,2.543,1799.0,139,0,0,31.08833335340023,120.97738235257566
2026-03-28T00:45:24+00:00,791.0,5769.56,2.542,1813.8,140,0,0,31.088287588208914,120.9773060772568
2026-03-28T00:45:25+00:00,792.0,5778.65,2.541,1827.0,138,0,0,31.088242577388883,120.9772267844528
2026-03-28T00:45:26+00:00,793.0,5787.72,2.54,1851.2,133,0,0,31.08819597400725,120.97714841365814
2026-03-28T00:45:27+00:00,794.0,5797.0,2.539,1868.0,131,0,0,31.088148867711425,120.97706836648285
2026-03-28T00:45:28+00:00,795.0,5806.35,2.538,1890.4,130,0,0,31.088101929053664,120.97698722966015
2026-03-28T00:45:29+00:00,796.0,5815.57,2.537,1899.8,129,0,0,31.08805926516652,120.97690374590456
2026-03-28T00:45:30+00:00,797.0,5825.11,2.535,1924.0,126,0,0,31.088015846908092,120.97681732848287
2026-03-28T00:45:31+00:00,798.0,5834.67,2.534,1920.2,124,0,0,31.087973434478045,120.97673015668988
2026-03-28T00:45:32+00:00,799.0,5844.22,2.533,1914.6,123,0,0,31.087931357324123,120.976643236354
2026-03-28T00:45:33+00:00,800.0,5853.7,2.531,1918.4,123,0,0,31.087890788912773,120.97655539400876
2026-03-28T00:45:34+00:00,801.0,5863.18,2.53,1907.2,123,0,0,31.087852399796247,120.97646629437804
2026-03-28T00:45:35+00:00,802.0,5872.74,2.53,1901.6,123,0,0,31.08781250193715,120.97637753002346
2026-03-28T00:45:36+00:00,803.0,5882.05,2.529,1892.2,126,0,0,31.087775621563196,120.97628775984049
2026-03-28T00:45:37+00:00,804.0,5890.89,2.528,1711.2,127,0,0,31.087741339579225,120.97620301879942
2026-03-28T00:45:38+00:00,805.0,5898.49,2.528,1343.6,129,0,0,31.08771183528006,120.97613194026053
2026-03-28T00:45:39+00:00,806.0,5903.72,2.527,845.4,131,0,0,31.08769473619759,120.97608257085085
2026-03-28T00:45:40+00:00,807.0,5906.93,2.527,513.2,132,0,0,31.087683252990246,120.97605298273265
2026-03-28T00:45:41+00:00,808.0,5908.79,2.527,371.4,133,0,0,31.087674032896757,120.97603579983115
2026-03-28T00:45:42+00:00,809.0,5910.26,2.527,326.6,133,0,0,31.087669422850013,120.97601962275803
2026-03-28T00:45:43+00:00,810.0,5912.02,2.528,309.8,132,0,0,31.08766984194517,120.97600118257105
2026-03-28T00:45:44+00:00,811.0,5913.55,2.527,328.4,132,0,0,31.087671015411615,120.97598450258374
2026-03-28T00:45:45+00:00,812.0,5915.31,2.527,332.2,131,0,0,31.08767026104033,120.97596539184451
2026-03-28T00:45:46+00:00,813.0,5917.09,2.528,306.0,131,0,0,31.087672607973218,120.97594619728625
2026-03-28T00:45:47+00:00,814.0,5918.5,2.528,287.4,130,0,0,31.087666992098093,120.97593110986054
2026-03-28T00:45:48+00:00,815.0,5920.18,2.527,280.0,129,0,0,31.087659783661366,120.97591459751129
2026-03-28T00:45:49+00:00,816.0,5921.37,2.527,134.4,130,0,0,31.087653832510114,120.97590546123683
2026-03-28T00:45:50+00:00,817.0,5921.37,2.526,48.6,130,0,0,31.087651485577226,120.97590822726488
2026-03-28T00:45:51+00:00,818.0,5921.39,2.527,0.0,130,0,0,31.087644528597593,120.97590638324618
2026-03-28T00:45:52+00:00,819.0,5921.39,2.526,410.6,118,,0,31.087622735649347,120.97584276460111
2026-03-28T00:45:53+00:00,820.0,5923.24,2.526,459.0,119,0,0,31.087614856660366,120.97582432441413
2026-03-28T00:45:54+00:00,821.0,5925.83,2.525,545.0,118,60,22,31.087604044005275,120.97579968161881
2026-03-28T00:45:55+00:00,822.0,5928.57,2.525,602.8,118,84,26,31.087589375674725,120.97577478736639
2026-03-28T00:45:56+00:00,823.0,5931.65,2.524,632.6,118,97,26,31.087567834183574,120.97575349733233
2026-03-28T00:45:57+00:00,824.0,5934.86,2.524,619.6,118,132,31,31.08754134736955,120.97574050538242
2026-03-28T00:45:58+00:00,825.0,5937.97,2.524,630.8,117,132,31,31.087514273822308,120.97573229111731
2026-03-28T00:45:59+00:00,826.0,5940.91,2.524,619.6,117,130,31,31.087486781179905,120.97572709433734
2026-03-28T00:46:00+00:00,827.0,5944.03,2.524,587.8,117,77,0,31.08745828270912,120.97572156228125
2026-03-28T00:46:01+00:00,828.0,5947.02,2.524,515.0,117,0,0,31.087431544438004,120.97572323866189
2026-03-28T00:46:02+00:00,829.0,5949.31,2.524,395.6,117,0,0,31.08741184696555,120.97572793252766
2026-03-28T00:46:03+00:00,830.0,5951.3,2.524,337.8,116,0,0,31.087395418435335,120.97573472186923
2026-03-28T00:46:04+00:00,831.0,5952.94,2.525,291.2,116,0,0,31.087382677942514,120.97574209794402
2026-03-28T00:46:05+00:00,832.0,5953.95,2.525,246.4,116,0,0,31.087373374029994,120.97574645653367
2026-03-28T00:46:06+00:00,833.0,5955.3,2.526,265.0,117,0,0,31.087361136451364,120.97575165331364
2026-03-28T00:46:07+00:00,834.0,5956.92,2.526,274.4,117,0,0,31.087346971035004,120.97575634717941
2026-03-28T00:46:08+00:00,835.0,5958.53,2.526,276.2,117,0,0,31.087333392351866,120.97576196305454
2026-03-28T00:46:09+00:00,836.0,5959.79,2.525,212.8,117,0,0,31.087323082610965,120.97576632164419
2026-03-28T00:46:10+00:00,837.0,5960.63,2.525,140.0,117,0,0,31.087316209450364,120.97577051259577
2026-03-28T00:46:11+00:00,838.0,5961.36,2.525,112.0,116,0,0,31.087309420108795,120.97577336244285
2026-03-28T00:46:12+00:00,839.0,5962.28,2.524,56.0,116,0,0,31.087303971871734,120.97577696666121
2026-03-28T00:46:13+00:00,840.0,5962.28,2.524,0.0,115,0,0,31.087310928851366,120.97576749511063
2026-03-28T00:46:14+00:00,841.0,5962.28,2.523,339.6,111,,0,31.087202047929168,120.97585030831397
2026-03-28T00:46:15+00:00,842.0,5963.65,2.522,410.6,111,0,0,31.087188636884093,120.97585416398942
2026-03-28T00:46:16+00:00,843.0,5966.09,2.522,513.2,111,25,22,31.0871675144881,120.97585785202682
2026-03-28T00:46:17+00:00,844.0,5968.98,2.522,645.6,111,75,22,31.087142452597618,120.97586279734969
2026-03-28T00:46:18+00:00,845.0,5971.81,2.521,761.4,112,130,32,31.087118228897452,120.97587897442281
2026-03-28T00:46:19+00:00,846.0,5976.66,2.521,901.4,111,158,32,31.08707749284804,120.97589573822916
2026-03-28T00:46:20+00:00,847.0,5981.85,2.521,1011.4,112,161,40,31.087034326046705,120.97591384314
2026-03-28T00:46:21+00:00,848.0,5986.94,2.521,1074.8,112,206,52,31.086991326883435,120.9759333729744
2026-03-28T00:46:22+00:00,849.0,5992.17,2.522,1121.6,112,208,50,31.086945394054055,120.97595390863717
2026-03-28T00:46:23+00:00,850.0,5998.54,2.522,1183.2,111,212,57,31.086891079321504,120.97597327083349
2026-03-28T00:46:24+00:00,851.0,6004.85,2.522,1222.4,112,232,63,31.08683659695089,120.97599313594401
2026-03-28T00:46:25+00:00,852.0,6011.44,2.522,1261.6,112,216,62,31.086780773475766,120.97601392306387
2026-03-28T00:46:26+00:00,853.0,6018.09,2.522,1347.4,112,196,62,31.08672419562936,120.97603957168758
2026-03-28T00:46:27+00:00,854.0,6024.78,2.522,1336.2,112,208,69,31.086668455973268,120.97606312483549
2026-03-28T00:46:28+00:00,855.0,6031.44,2.522,1375.4,113,224,73,31.0866114590317,120.97608919255435
2026-03-28T00:46:29+00:00,856.0,6038.52,2.523,1407.0,117,232,69,31.08655077405274,120.97611576318741
2026-03-28T00:46:30+00:00,857.0,6046.02,2.523,1425.8,123,235,72,31.086488077417016,120.97614157944918
2026-03-28T00:46:31+00:00,858.0,6053.15,2.523,1442.6,125,232,75,31.086426805704832,120.9761683177203
2026-03-28T00:46:32+00:00,859.0,6061.01,2.523,1450.0,126,244,75,31.086360840126872,120.97619413398206
2026-03-28T00:46:33+00:00,860.0,6068.57,2.524,1472.4,126,265,73,31.086296131834388,120.97622095607221
2026-03-28T00:46:34+00:00,861.0,6076.27,2.524,1451.8,126,250,74,31.086230166256428,120.97624618560076
2026-03-28T00:46:35+00:00,862.0,6084.18,2.524,1470.6,126,228,76,31.08616327866912,120.97627250477672
2026-03-28T00:46:36+00:00,863.0,6091.99,2.525,1513.4,126,191,65,31.086097983643413,120.97629991360009
2026-03-28T00:46:37+00:00,864.0,6099.51,2.526,1565.6,127,167,79,31.086033107712865,120.97632614895701
2026-03-28T00:46:38+00:00,865.0,6107.5,2.526,1614.2,127,171,77,31.08596445992589,120.97635397687554
2026-03-28T00:46:39+00:00,866.0,6115.96,2.525,1632.8,127,149,81,31.08589304611087,120.9763839840889
2026-03-28T00:46:40+00:00,867.0,6124.47,2.525,1640.4,127,150,79,31.085820207372308,120.97641214728355
2026-03-28T00:46:41+00:00,868.0,6133.19,2.524,1636.6,127,146,81,31.085748290643096,120.97644441761076
2026-03-28T00:46:42+00:00,869.0,6141.31,2.524,1625.4,127,127,81,31.08568014577031,120.97647492773831
2026-03-28T00:46:43+00:00,870.0,6149.11,2.524,1623.6,126,124,80,31.08561309054494,120.97650384530425
2026-03-28T00:46:44+00:00,871.0,6156.81,2.524,1519.0,127,128,81,31.085547041147947,120.97652681171894
2026-03-28T00:46:45+00:00,872.0,6164.54,2.525,1534.0,127,118,78,31.08548065647483,120.97655229270458
2026-03-28T00:46:46+00:00,873.0,6172.01,2.525,1567.6,129,104,81,31.085413685068488,120.97657852806151
2026-03-28T00:46:47+00:00,874.0,6180.22,2.525,1496.6,133,104,76,31.08534386381507,120.97660375759006
2026-03-28T00:46:48+00:00,875.0,6188.14,2.526,1446.2,139,104,76,31.08527697622776,120.97662965767086
2026-03-28T00:46:49+00:00,876.0,6195.47,2.526,1386.6,142,34,0,31.08521243557334,120.97664868459105
2026-03-28T00:46:50+00:00,877.0,6202.61,2.526,1323.0,143,0,0,31.0851489007473,120.97666268236935
2026-03-28T00:46:51+00:00,878.0,6209.23,2.527,1172.0,143,0,0,31.08509416691959,120.97668481059372
2026-03-28T00:46:52+00:00,879.0,6214.88,2.527,1084.2,143,0,0,31.08504680916667,120.97670911811292
2026-03-28T00:46:53+00:00,880.0,6220.23,2.527,994.6,144,0,0,31.08500179834664,120.9767312463373
2026-03-28T00:46:54+00:00,881.0,6225.24,2.528,910.6,143,0,0,31.084958966821432,120.97674750722945
2026-03-28T00:46:55+00:00,882.0,6230.59,2.529,899.4,143,0,0,31.084915129467845,120.97676334902644
2026-03-28T00:46:56+00:00,883.0,6234.9,2.529,897.6,143,0,0,31.08487875200808,120.97678086720407
2026-03-28T00:46:57+00:00,884.0,6240.07,2.529,1009.6,142,0,0,31.084836423397064,120.97680148668587
2026-03-28T00:46:58+00:00,885.0,6245.07,2.53,1112.2,141,0,0,31.0847931727767,120.97682277671993
2026-03-28T00:46:59+00:00,886.0,6250.94,2.53,1200.0,139,90,56,31.08474330045283,120.976846748963
2026-03-28T00:47:00+00:00,887.0,6257.06,2.529,1164.4,138,100,0,31.084692338481545,120.97686644643545
2026-03-28T00:47:01+00:00,888.0,6262.86,2.529,1205.6,138,0,0,31.08464171178639,120.97688849084079
2026-03-28T00:47:02+00:00,889.0,6269.01,2.529,1177.6,137,0,0,31.08458999544382,120.97690978087485
2026-03-28T00:47:03+00:00,890.0,6274.87,2.528,1177.6,137,0,0,31.084538949653506,120.9769297298044
2026-03-28T00:47:04+00:00,891.0,6280.9,2.528,1192.4,136,0,0,31.084486143663526,120.97694816999137
2026-03-28T00:47:05+00:00,892.0,6287.26,2.527,1162.6,134,0,0,31.08443107455969,120.97696619108319
2026-03-28T00:47:06+00:00,893.0,6292.66,2.527,998.4,132,0,0,31.084383884444833,120.97697800956666
2026-03-28T00:47:07+00:00,894.0,6298.2,2.527,991.0,132,0,0,31.084335772320628,120.97699418663979
2026-03-28T00:47:08+00:00,895.0,6303.33,2.526,897.6,130,0,0,31.084290593862534,120.9770005568862
2026-03-28T00:47:09+00:00,896.0,6307.41,2.526,709.2,130,0,0,31.084255389869213,120.9770074300468
2026-03-28T00:47:10+00:00,897.0,6311.19,2.526,643.8,130,0,0,31.084225047379732,120.97701841033995
2026-03-28T00:47:11+00:00,898.0,6314.35,2.527,690.4,130,79,37,31.084198309108615,120.97703316248953
2026-03-28T00:47:12+00:00,899.0,6318.38,2.527,817.4,129,159,37,31.084166709333658,120.97705503925681
2026-03-28T00:47:13+00:00,900.0,6322.61,2.527,907.0,129,214,40,31.084130834788084,120.9770764131099
2026-03-28T00:47:14+00:00,901.0,6327.87,2.527,991.0,129,232,49,31.084085572510958,120.97709300927818
2026-03-28T00:47:15+00:00,902.0,6333.33,2.526,1063.6,129,245,51,31.084038885310292,120.9771144669503
2026-03-28T00:47:16+00:00,903.0,6339.15,2.526,1076.8,129,240,54,31.08399035409093,120.97713634371758
2026-03-28T00:47:17+00:00,904.0,6344.88,2.526,1110.4,129,217,57,31.08394048176706,120.97715553827584
2026-03-28T00:47:18+00:00,905.0,6350.82,2.525,1106.6,130,212,57,31.08388834632933,120.97717037424445
2026-03-28T00:47:19+00:00,906.0,6356.29,2.525,1009.6,130,70,0,31.08383947983384,120.97718244418502
2026-03-28T00:47:20+00:00,907.0,6361.23,2.525,774.4,130,0,0,31.083798240870237,120.97719308920205
2026-03-28T00:47:21+00:00,908.0,6365.48,2.525,705.4,130,0,0,31.08376270160079,120.97720809280872
2026-03-28T00:47:22+00:00,909.0,6369.11,2.525,599.0,130,0,0,31.083733616396785,120.97721848636866
2026-03-28T00:47:23+00:00,910.0,6371.76,2.526,628.8,130,0,0,31.083708303049207,120.97722963429987
2026-03-28T00:47:24+00:00,911.0,6375.93,2.526,666.2,129,0,0,31.083675445988774,120.97724338062108
2026-03-28T00:47:25+00:00,912.0,6379.19,2.526,696.0,129,0,0,31.08364795334637,120.97725620493293
2026-03-28T00:47:26+00:00,913.0,6382.73,2.526,737.2,129,0,0,31.083617443218827,120.97726911306381
2026-03-28T00:47:27+00:00,914.0,6386.63,2.526,832.2,129,139,40,31.083581736311316,120.97728210501373
2026-03-28T00:47:28+00:00,915.0,6391.46,2.526,903.2,129,135,43,31.083538234233856,120.97729610279202
2026-03-28T00:47:29+00:00,916.0,6395.27,2.525,550.6,129,128,43,31.083509400486946,120.9773095138371
2026-03-28T00:47:30+00:00,917.0,6397.07,2.525,253.8,129,0,0,31.08349439688027,120.97731538116932
2026-03-28T00:47:31+00:00,918.0,6398.68,2.525,210.8,129,0,0,31.08348165638745,120.97732208669186
2026-03-28T00:47:32+00:00,919.0,6399.49,2.525,175.4,129,0,0,31.083475537598133,120.97732820548117
2026-03-28T00:47:33+00:00,920.0,6400.33,2.525,160.4,129,0,0,31.08346749097109,120.97733122296631
2026-03-28T00:47:34+00:00,921.0,6401.52,2.525,140.0,129,0,0,31.083457684144378,120.97733206115663
2026-03-28T00:47:35+00:00,922.0,6402.55,2.525,205.2,128,0,0,31.083448128774762,120.97733130678535
2026-03-28T00:47:36+00:00,923.0,6403.45,2.525,209.0,129,0,0,31.083440501242876,120.97733633592725
2026-03-28T00:47:37+00:00,924.0,6404.45,2.525,246.4,129,0,0,31.083431784063578,120.97734027542174
2026-03-28T00:47:38+00:00,925.0,6405.57,2.524,304.2,129,0,0,31.083420552313328,120.97734304144979
2026-03-28T00:47:39+00:00,926.0,6407.22,2.524,328.4,129,0,0,31.083406135439873,120.97734689712524
2026-03-28T00:47:40+00:00,927.0,6409.08,2.524,414.2,130,0,0,31.083388533443213,120.97735309973359
2026-03-28T00:47:41+00:00,928.0,6411.5,2.524,474.0,130,0,0,31.083365147933364,120.97735385410488
2026-03-28T00:47:42+00:00,929.0,6414.78,2.524,535.6,129,85,23,31.083337487652898,120.97736282274127
2026-03-28T00:47:43+00:00,930.0,6417.62,2.524,545.0,129,85,23,31.083314353600144,120.977375311777
2026-03-28T00:47:44+00:00,931.0,6420.93,2.524,569.2,129,73,23,31.083289124071598,120.97738821990788
2026-03-28T00:47:45+00:00,932.0,6423.75,2.524,634.4,129,50,23,31.083264062181115,120.97739903256297
2026-03-28T00:47:46+00:00,933.0,6426.89,2.524,628.8,128,57,30,31.083237072452903,120.97740883938968
2026-03-28T00:47:47+00:00,934.0,6430.0,2.524,638.2,128,61,30,31.083210250362754,120.9774215798825
2026-03-28T00:47:48+00:00,935.0,6433.56,2.524,619.6,127,0,0,31.083182590082288,120.97743784077466
2026-03-28T00:47:49+00:00,936.0,6436.63,2.524,651.2,127,0,0,31.08315526507795,120.97745158709586
2026-03-28T00:47:50+00:00,937.0,6440.35,2.524,623.2,127,0,0,31.083124671131372,120.9774630703032
2026-03-28T00:47:51+00:00,938.0,6444.0,2.524,660.6,127,0,0,31.08309424482286,120.97747480496764
2026-03-28T00:47:52+00:00,939.0,6447.48,2.524,675.6,127,0,0,31.083065578714013,120.97748846746981
2026-03-28T00:47:53+00:00,940.0,6451.11,2.524,701.6,127,0,0,31.08303615823388,120.97750171087682
2026-03-28T00:47:54+00:00,941.0,6454.53,2.524,772.6,126,128,37,31.08300631865859,120.97751495428383
2026-03-28T00:47:55+00:00,942.0,6458.55,2.524,800.6,126,128,40,31.082971869036555,120.97752551548183
2026-03-28T00:47:56+00:00,943.0,6462.48,2.524,851.0,126,128,40,31.08293641358614,120.97753666341305
2026-03-28T00:47:57+00:00,944.0,6467.04,2.523,903.2,125,129,43,31.082895761355758,120.97754714079201
2026-03-28T00:47:58+00:00,945.0,6471.83,2.523,905.0,125,127,44,31.08285393565893,120.97755753435194
2026-03-28T00:47:59+00:00,946.0,6476.56,2.523,935.0,125,126,47,31.08281278051436,120.97757144831121
2026-03-28T00:48:00+00:00,947.0,6481.82,2.523,1045.0,125,122,50,31.082767518237233,120.97758703865111
2026-03-28T00:48:01+00:00,948.0,6486.81,2.524,1028.2,125,118,54,31.082724016159773,120.97760204225779
2026-03-28T00:48:02+00:00,949.0,6492.14,2.524,1045.0,125,118,54,31.08267741277814,120.977618470788
2026-03-28T00:48:03+00:00,950.0,6498.29,2.524,1097.2,125,118,51,31.082626869902015,120.9776374977082
2026-03-28T00:48:04+00:00,951.0,6503.4,2.524,1132.8,125,105,56,31.08258127234876,120.97765560261905
2026-03-28T00:48:05+00:00,952.0,6509.54,2.523,1155.2,124,116,56,31.08252838253975,120.97767446190119
2026-03-28T00:48:06+00:00,953.0,6516.15,2.523,1186.8,124,114,57,31.082473397254944,120.97769290208817
2026-03-28T00:48:07+00:00,954.0,6521.85,2.523,1190.6,123,104,57,31.082423022016883,120.97771192900836
2026-03-28T00:48:08+00:00,955.0,6528.1,2.523,1203.6,123,103,59,31.082369042560458,120.97773062065244
2026-03-28T00:48:09+00:00,956.0,6534.04,2.523,1181.2,123,106,59,31.082318583503366,120.977753251791
2026-03-28T00:48:10+00:00,957.0,6540.13,2.524,1175.6,122,100,61,31.082266196608543,120.97777294926345
2026-03-28T00:48:11+00:00,958.0,6546.41,2.524,1207.4,122,92,61,31.082212384790182,120.97779088653624
2026-03-28T00:48:12+00:00,959.0,6552.21,2.524,1173.8,122,60,0,31.082162763923407,120.97781024873257
2026-03-28T00:48:13+00:00,960.0,6558.18,2.524,1196.2,122,0,0,31.082110377028584,120.97783028148115
2026-03-28T00:48:14+00:00,961.0,6564.18,2.524,1144.0,122,0,0,31.08205891214311,120.97784821875393
2026-03-28T00:48:15+00:00,962.0,6570.16,2.524,1134.6,122,0,0,31.082007782533765,120.97786657512188
2026-03-28T00:48:16+00:00,963.0,6575.73,2.524,1101.0,122,0,0,31.081959418952465,120.97788350656629
2026-03-28T00:48:17+00:00,964.0,6581.3,2.525,1050.6,122,0,0,31.0819127317518,120.97790094092488
2026-03-28T00:48:18+00:00,965.0,6586.23,2.525,1045.0,121,0,0,31.08186822384596,120.97791996784508
2026-03-28T00:48:19+00:00,966.0,6591.91,2.525,1024.6,121,0,0,31.081822626292706,120.9779485501349
2026-03-28T00:48:20+00:00,967.0,6597.49,2.525,991.0,120,0,0,31.08177736401558,120.97797612659633
2026-03-28T00:48:21+00:00,968.0,6602.99,2.525,953.6,119,0,0,31.08173335902393,120.97800135612488
2026-03-28T00:48:22+00:00,969.0,6608.49,2.525,946.2,119,0,0,31.081691784784198,120.97803018987179
2026-03-28T00:48:23+00:00,970.0,6613.18,2.526,828.6,118,0,0,31.081655072048306,120.9780468698591
2026-03-28T00:48:24+00:00,971.0,6616.51,2.526,752.0,118,0,0,31.08162305317819,120.97805064171553
2026-03-28T00:48:25+00:00,972.0,6621.13,2.526,834.2,118,47,38,31.081583658233285,120.97805835306644
2026-03-28T00:48:26+00:00,973.0,6625.23,2.526,875.2,119,95,38,31.081549543887377,120.97807754762471
2026-03-28T00:48:27+00:00,974.0,6629.88,2.526,942.4,118,162,43,31.081516854465008,120.9781073872
2026-03-28T00:48:28+00:00,975.0,6634.19,2.526,974.2,118,176,46,31.081480979919434,120.97813085652888
2026-03-28T00:48:29+00:00,976.0,6639.72,2.526,1019.0,118,184,46,31.081438399851322,120.97815793007612
2026-03-28T00:48:30+00:00,977.0,6644.81,2.526,1060.0,118,189,52,31.081394143402576,120.97817645408213
2026-03-28T00:48:31+00:00,978.0,6650.32,2.526,1086.0,118,175,54,31.08134745620191,120.97819447517395
2026-03-28T00:48:32+00:00,979.0,6655.85,2.526,1089.8,119,162,54,31.08130194246769,120.97821584902704
2026-03-28T00:48:33+00:00,980.0,6661.39,2.526,1134.6,119,126,55,31.081253746524453,120.97823252901435
2026-03-28T00:48:34+00:00,981.0,6666.96,2.526,1123.4,119,115,55,31.08120563440025,120.9782524779439
2026-03-28T00:48:35+00:00,982.0,6672.43,2.526,1110.4,119,92,56,31.081155259162188,120.97826681099832
2026-03-28T00:48:36+00:00,983.0,6678.78,2.526,1071.2,118,86,57,31.08110161498189,120.97828206606209
2026-03-28T00:48:37+00:00,984.0,6684.77,2.526,1117.8,116,88,56,31.081048473715782,120.97829790785909
2026-03-28T00:48:38+00:00,985.0,6690.99,2.526,1102.8,115,100,56,31.080995835363865,120.97831752151251
2026-03-28T00:48:39+00:00,986.0,6697.36,2.526,1172.0,115,106,57,31.08094085007906,120.97833512350917
2026-03-28T00:48:40+00:00,987.0,6703.64,2.526,1177.6,115,113,60,31.080886954441667,120.97835255786777
2026-03-28T00:48:41+00:00,988.0,6709.63,2.525,1205.6,115,109,57,31.080833058804274,120.97836404107511
2026-03-28T00:48:42+00:00,989.0,6715.66,2.525,1200.0,116,77,59,31.080778324976563,120.97836873494089
2026-03-28T00:48:43+00:00,990.0,6721.77,2.524,1222.4,118,58,59,31.080721076577902,120.978366388008
2026-03-28T00:48:44+00:00,991.0,6728.06,2.525,1214.8,119,63,59,31.080662738531828,120.97837091423571
2026-03-28T00:48:45+00:00,992.0,6733.69,2.525,1168.2,119,75,63,31.080610351637006,120.97838390618563
2026-03-28T00:48:46+00:00,993.0,6739.28,2.525,1252.2,119,85,66,31.080560814589262,120.97840603441
2026-03-28T00:48:47+00:00,994.0,6744.41,2.525,905.0,120,85,61,31.080526784062386,120.97843277268112
2026-03-28T00:48:48+00:00,995.0,6749.34,2.525,1144.0,120,92,63,31.080475905910134,120.9784477762878
2026-03-28T00:48:49+00:00,996.0,6754.57,2.525,1106.6,120,105,60,31.08044296503067,120.97847803495824
2026-03-28T00:48:50+00:00,997.0,6761.13,2.525,1084.2,120,112,65,31.08038814738393,120.97850611433387
2026-03-28T00:48:51+00:00,998.0,6769.62,2.524,1198.0,121,112,59,31.080320170149207,120.97854416817427
2026-03-28T00:48:52+00:00,999.0,6777.54,2.524,1263.4,122,115,61,31.08025923371315,120.97858113236725
2026-03-28T00:48:53+00:00,1000.0,6784.6,2.524,1246.6,122,100,60,31.0802065115422,120.9786169230938
2026-03-28T00:48:54+00:00,1001.0,6791.07,2.524,1252.2,122,109,60,31.08015806414187,120.97865045070648
2026-03-28T00:48:55+00:00,1002.0,6796.96,2.524,1239.2,123,123,58,31.08011364005506,120.97868557088077
2026-03-28T00:48:56+00:00,1003.0,6802.9,2.525,1231.6,123,150,65,31.0800667013973,120.97871608100832
2026-03-28T00:48:57+00:00,1004.0,6808.72,2.525,1168.2,123,148,58,31.080019595101476,120.9787482675165
2026-03-28T00:48:58+00:00,1005.0,6815.05,2.526,1155.2,123,177,57,31.079969806596637,120.97877659834921
2026-03-28T00:48:59+00:00,1006.0,6820.81,2.526,1196.2,123,219,62,31.07992353849113,120.97880886867642
2026-03-28T00:49:00+00:00,1007.0,6827.11,2.526,1218.6,123,201,58,31.07987266033888,120.97884080372751
2026-03-28T00:49:01+00:00,1008.0,6833.67,2.526,1216.8,124,190,59,31.07982002198696,120.97887072712183
2026-03-28T00:49:02+00:00,1009.0,6840.09,2.527,1186.8,123,177,59,31.079768808558583,120.97890140488744
2026-03-28T00:49:03+00:00,1010.0,6846.49,2.527,1177.6,124,140,57,31.07971734367311,120.9789306577295
2026-03-28T00:49:04+00:00,1011.0,6852.86,2.527,1164.4,124,134,58,31.07966646552086,120.9789570607245
2026-03-28T00:49:05+00:00,1012.0,6858.67,2.528,1157.0,124,118,57,31.079619359225035,120.97898287698627
2026-03-28T00:49:06+00:00,1013.0,6864.41,2.528,1170.0,124,98,57,31.079573594033718,120.97901137545705
2026-03-28T00:49:07+00:00,1014.0,6870.09,2.528,1162.6,124,62,0,31.07952925376594,120.9790413826704
2026-03-28T00:49:08+00:00,1015.0,6875.74,2.529,1158.8,125,0,0,31.07948432676494,120.97906862385571
2026-03-28T00:49:09+00:00,1016.0,6881.4,2.528,1172.0,126,0,0,31.079437639564276,120.97909418866038
2026-03-28T00:49:10+00:00,1017.0,6887.17,2.528,1198.0,127,0,0,31.079390281811357,120.9791211783886
2026-03-28T00:49:11+00:00,1018.0,6893.19,2.528,1224.2,127,0,0,31.079340744763613,120.97914934158325
2026-03-28T00:49:12+00:00,1019.0,6899.65,2.527,1252.2,127,0,0,31.079290369525552,120.979183036834
2026-03-28T00:49:13+00:00,1020.0,6906.26,2.527,1259.6,127,0,0,31.079238820821047,120.97921547479928
2026-03-28T00:49:14+00:00,1021.0,6912.41,2.526,1237.2,128,0,0,31.079190960153937,120.97924925386906
2026-03-28T00:49:15+00:00,1022.0,6918.75,2.525,1207.4,127,0,0,31.079144021496177,120.97928588278592
2026-03-28T00:49:16+00:00,1023.0,6924.84,2.525,1185.0,126,0,0,31.079101860523224,120.97932519391179
2026-03-28T00:49:17+00:00,1024.0,6930.49,2.524,1166.4,125,0,0,31.079067578539252,120.97936945036054
2026-03-28T00:49:18+00:00,1025.0,6936.05,2.524,1153.2,123,0,0,31.079035559669137,120.97941563464701
2026-03-28T00:49:19+00:00,1026.0,6941.78,2.524,1127.2,121,0,0,31.079001110047102,120.97946047782898
2026-03-28T00:49:20+00:00,1027.0,6947.46,2.524,1104.8,120,0,0,31.0789667442441,120.97950305789709
2026-03-28T00:49:21+00:00,1028.0,6952.53,2.524,1069.2,119,0,0,31.07893547974527,120.97954362630844
2026-03-28T00:49:22+00:00,1029.0,6957.91,2.524,1054.4,118,0,0,31.078899772837758,120.97958193160594
2026-03-28T00:49:23+00:00,1030.0,6963.23,2.524,1043.2,118,0,0,31.078861551359296,120.97961529158056
2026-03-28T00:49:24+00:00,1031.0,6968.64,2.524,1061.8,118,0,0,31.07882467098534,120.9796510823071
2026-03-28T00:49:25+00:00,1032.0,6973.93,2.524,1102.8,117,92,47,31.07879189774394,120.97969139926136
2026-03-28T00:49:26+00:00,1033.0,6979.22,2.524,1147.6,117,154,57,31.078760297968984,120.97973515279591
2026-03-28T00:49:27+00:00,1034.0,6984.84,2.523,1125.2,115,121,0,31.078726602718234,120.97977957688272
2026-03-28T00:49:28+00:00,1035.0,6990.34,2.523,1088.0,114,0,0,31.07869617640972,120.97982500679791
2026-03-28T00:49:29+00:00,1036.0,6996.16,2.523,1099.2,112,0,0,31.078665666282177,120.97987269982696
2026-03-28T00:49:30+00:00,1037.0,7001.09,2.523,1054.4,111,0,0,31.07864286750555,120.97991846501827
2026-03-28T00:49:31+00:00,1038.0,7005.99,2.523,1026.4,109,0,0,31.078622583299875,120.9799669124186
2026-03-28T00:49:32+00:00,1039.0,7011.0,2.523,879.0,108,0,0,31.078603388741612,120.98001351580024
2026-03-28T00:49:33+00:00,1040.0,7015.11,2.522,722.2,108,0,0,31.078586038202047,120.98005115054548
2026-03-28T00:49:34+00:00,1041.0,7019.01,2.522,660.6,108,0,0,31.078569190576673,120.98008551634848
2026-03-28T00:49:35+00:00,1042.0,7022.49,2.523,684.8,107,0,0,31.07855678535998,120.9801188763231
2026-03-28T00:49:36+00:00,1043.0,7026.16,2.522,740.8,107,111,33,31.07854220084846,120.98015332594514
2026-03-28T00:49:37+00:00,1044.0,7030.06,2.523,795.0,106,119,36,31.07852996326983,120.98019137978554
2026-03-28T00:49:38+00:00,1045.0,7034.07,2.523,824.8,106,124,36,31.07852015644312,120.9802314452827
2026-03-28T00:49:39+00:00,1046.0,7038.31,2.523,892.0,105,123,40,31.078506913036108,120.98027343861759
2026-03-28T00:49:40+00:00,1047.0,7042.71,2.523,946.2,104,123,43,31.078487131744623,120.98031492903829
2026-03-28T00:49:41+00:00,1048.0,7047.78,2.523,983.4,103,124,43,31.07846307568252,120.98035876639187
2026-03-28T00:49:42+00:00,1049.0,7052.79,2.523,1048.8,103,142,48,31.07843960635364,120.98040419630706
2026-03-28T00:49:43+00:00,1050.0,7058.1,2.523,1099.2,103,158,54,31.078417478129268,120.980454236269
2026-03-28T00:49:44+00:00,1051.0,7063.64,2.523,1130.8,103,156,54,31.0783950984478,120.98050720989704
2026-03-28T00:49:45+00:00,1052.0,7069.69,2.523,1158.8,103,130,57,31.07836970128119,120.98056278191507
2026-03-28T00:49:46+00:00,1053.0,7075.79,2.523,1185.0,104,128,55,31.078345142304897,120.98061910830438
2026-03-28T00:49:47+00:00,1054.0,7081.78,2.522,1216.8,104,128,60,31.078323014080524,120.98067711107433
2026-03-28T00:49:48+00:00,1055.0,7088.05,2.522,1233.6,105,134,60,31.07830088585615,120.98073771223426
2026-03-28T00:49:49+00:00,1056.0,7094.41,2.522,1242.8,105,130,60,31.07827733270824,120.98079814575613
2026-03-28T00:49:50+00:00,1057.0,7100.73,2.521,1224.2,107,122,64,31.078254701569676,120.9808583278209
2026-03-28T00:49:51+00:00,1058.0,7106.61,2.521,1179.4,108,61,0,31.07823232188821,120.98091415129602
2026-03-28T00:49:52+00:00,1059.0,7112.37,2.521,1155.2,109,0,0,31.07821438461542,120.98097148351371
2026-03-28T00:49:53+00:00,1060.0,7118.16,2.521,1129.0,110,0,0,31.078188568353653,120.98102470859885
2026-03-28T00:49:54+00:00,1061.0,7123.74,2.521,1086.0,111,0,0,31.07816501520574,120.98107634112239
2026-03-28T00:49:55+00:00,1062.0,7129.28,2.522,1082.4,111,0,0,31.078144563362002,120.98112981766462
2026-03-28T00:49:56+00:00,1063.0,7134.85,2.522,1063.6,112,0,0,31.078122602775693,120.98118212074041
2026-03-28T00:49:57+00:00,1064.0,7140.27,2.522,1035.8,113,0,0,31.078099636361003,120.98123224452138
2026-03-28T00:49:58+00:00,1065.0,7145.58,2.523,998.4,113,0,0,31.078080525621772,120.98128261975944
2026-03-28T00:49:59+00:00,1066.0,7150.56,2.523,981.6,113,0,0,31.07806141488254,120.98133014515042
2026-03-28T00:50:00+00:00,1067.0,7155.43,2.523,953.6,113,0,0,31.07804381288588,120.98137750290334
2026-03-28T00:50:01+00:00,1068.0,7160.59,2.523,940.6,113,0,0,31.07802369631827,120.98142435774207
2026-03-28T00:50:02+00:00,1069.0,7164.68,2.523,875.2,114,0,0,31.07800710014999,120.98146400414407
2026-03-28T00:50:03+00:00,1070.0,7169.35,2.523,879.0,113,0,0,31.077987235039473,120.98150641657412
2026-03-28T00:50:04+00:00,1071.0,7173.41,2.524,828.6,113,0,0,31.077969800680876,120.98154463805258
2026-03-28T00:50:05+00:00,1072.0,7177.62,2.523,802.4,114,0,0,31.077954461798072,120.98158495500684
2026-03-28T00:50:06+00:00,1073.0,7181.66,2.524,776.4,115,0,0,31.077936692163348,120.98162242211401
2026-03-28T00:50:07+00:00,1074.0,7186.03,2.524,785.6,115,0,0,31.07791875489056,120.98166164942086
2026-03-28T00:50:08+00:00,1075.0,7190.08,2.524,802.4,115,25,38,31.07790651731193,120.98170121200383
2026-03-28T00:50:09+00:00,1076.0,7193.93,2.524,793.2,115,76,38,31.07789335772395,120.98173826001585
2026-03-28T00:50:10+00:00,1077.0,7197.45,2.524,746.4,115,0,0,31.07788296416402,120.98177346400917
2026-03-28T00:50:11+00:00,1078.0,7201.0,2.524,727.8,115,0,0,31.077866535633802,120.98180674016476
2026-03-28T00:50:12+00:00,1079.0,7204.98,2.524,750.2,115,0,0,31.07785421423614,120.98184554837644
2026-03-28T00:50:13+00:00,1080.0,7208.86,2.524,746.4,115,0,0,31.077841222286224,120.9818821772933
2026-03-28T00:50:14+00:00,1081.0,7212.34,2.525,750.2,116,0,0,31.077826134860516,120.98191528581083
2026-03-28T00:50:15+00:00,1082.0,7216.05,2.525,757.6,115,0,0,31.07781079597771,120.98195048980415
2026-03-28T00:50:16+00:00,1083.0,7220.02,2.525,782.0,116,0,0,31.07779646292329,120.98198879510164
2026-03-28T00:50:17+00:00,1084.0,7224.14,2.525,798.8,116,0,0,31.07778045348823,120.98202793858945
2026-03-28T00:50:18+00:00,1085.0,7228.45,2.525,785.6,115,12,40,31.077773747965693,120.9820706024766
2026-03-28T00:50:19+00:00,1086.0,7232.23,2.526,824.8,115,51,40,31.077760253101587,120.98210832104087
2026-03-28T00:50:20+00:00,1087.0,7236.46,2.526,862.2,114,111,40,31.077739549800754,120.98214654251933
2026-03-28T00:50:21+00:00,1088.0,7241.19,2.526,886.4,114,144,42,31.07771633192897,120.98218669183552
2026-03-28T00:50:22+00:00,1089.0,7245.63,2.526,907.0,113,153,42,31.077697221189737,120.98222776316106
2026-03-28T00:50:23+00:00,1090.0,7250.32,2.526,933.0,114,162,46,31.077677439898252,120.98227025941014
2026-03-28T00:50:24+00:00,1091.0,7254.74,2.527,957.4,114,151,44,31.077661514282227,120.98231359384954
2026-03-28T00:50:25+00:00,1092.0,7259.5,2.527,972.2,114,146,50,31.077638883143663,120.98235667683184
2026-03-28T00:50:26+00:00,1093.0,7264.61,2.527,1015.2,113,146,50,31.07761910185218,120.9824054595083
2026-03-28T00:50:27+00:00,1094.0,7269.92,2.527,1024.6,113,141,48,31.077595045790076,120.98245365545154
2026-03-28T00:50:28+00:00,1095.0,7275.17,2.527,1013.4,113,122,50,31.077575432136655,120.98250302486122
2026-03-28T00:50:29+00:00,1096.0,7280.1,2.527,998.4,113,81,0,31.077556740492582,120.9825505502522
2026-03-28T00:50:30+00:00,1097.0,7285.25,2.528,1011.4,113,0,0,31.07753461226821,120.98259832710028
2026-03-28T00:50:31+00:00,1098.0,7290.4,2.528,976.0,112,0,0,31.077517345547676,120.98264685831964
2026-03-28T00:50:32+00:00,1099.0,7295.25,2.528,994.6,112,0,0,31.07750041410327,120.9826937969774
2026-03-28T00:50:33+00:00,1100.0,7300.07,2.528,1002.2,111,0,0,31.077481638640165,120.9827405679971
2026-03-28T00:50:34+00:00,1101.0,7305.22,2.528,987.2,110,0,0,31.077461605891585,120.98278725519776
2026-03-28T00:50:35+00:00,1102.0,7309.93,2.528,1015.2,110,0,0,31.077443920075893,120.98283394239843
2026-03-28T00:50:36+00:00,1103.0,7314.87,2.527,996.6,110,0,0,31.077426066622138,120.9828822221607
2026-03-28T00:50:37+00:00,1104.0,7320.33,2.527,1017.0,110,0,0,31.07740318402648,120.98293108865619
2026-03-28T00:50:38+00:00,1105.0,7324.99,2.527,998.4,110,0,0,31.077384492382407,120.98297660239041
2026-03-28T00:50:39+00:00,1106.0,7330.03,2.526,1015.2,110,0,0,31.07736647129059,120.98302639089525
2026-03-28T00:50:40+00:00,1107.0,7335.51,2.526,1019.0,110,0,0,31.077344426885247,120.98307802341878
2026-03-28T00:50:41+00:00,1108.0,7340.94,2.526,989.0,111,0,0,31.077323891222477,120.98312814719975
2026-03-28T00:50:42+00:00,1109.0,7346.34,2.526,1041.4,113,0,0,31.07730352319777,120.98317910917103
2026-03-28T00:50:43+00:00,1110.0,7351.62,2.525,1061.8,116,0,0,31.077283574268222,120.98323040641844
2026-03-28T00:50:44+00:00,1111.0,7357.29,2.525,1095.4,120,0,0,31.07725901529193,120.98328312858939
2026-03-28T00:50:45+00:00,1112.0,7363.05,2.524,1089.8,120,0,0,31.07723412103951,120.98333518020809
2026-03-28T00:50:46+00:00,1113.0,7368.66,2.524,1071.2,120,0,0,31.07721501030028,120.98338781856
2026-03-28T00:50:47+00:00,1114.0,7373.75,2.524,1069.2,119,0,0,31.077201599255204,120.98344028927386
2026-03-28T00:50:48+00:00,1115.0,7379.3,2.524,1080.4,119,24,52,31.077179051935673,120.98349259234965
2026-03-28T00:50:49+00:00,1116.0,7385.28,2.523,1110.4,118,97,52,31.077152816578746,120.98354481160641
2026-03-28T00:50:50+00:00,1117.0,7390.64,2.523,1138.4,118,116,55,31.077128844335675,120.98359510302544
2026-03-28T00:50:51+00:00,1118.0,7396.41,2.523,1175.6,118,121,57,31.077104033902287,120.98364941775799
2026-03-28T00:50:52+00:00,1119.0,7402.54,2.523,1218.6,118,105,61,31.07707721181214,120.98370666615665
2026-03-28T00:50:53+00:00,1120.0,7408.75,2.523,1173.8,117,70,0,31.077054413035512,120.98376424983144
2026-03-28T00:50:54+00:00,1121.0,7414.61,2.523,1170.0,117,0,0,31.077028596773744,120.98381881602108
2026-03-28T00:50:55+00:00,1122.0,7420.5,2.523,1149.6,115,0,0,31.07700504362583,120.98387463949621
2026-03-28T00:50:56+00:00,1123.0,7426.58,2.522,1145.8,113,0,0,31.076982580125332,120.98393272608519
2026-03-28T00:50:57+00:00,1124.0,7432.44,2.522,1110.4,113,0,0,31.07695944607258,120.98398779518902
2026-03-28T00:50:58+00:00,1125.0,7438.14,2.522,1084.2,112,0,0,31.07693807221949,120.98404210992157
2026-03-28T00:50:59+00:00,1126.0,7443.68,2.522,1065.6,111,0,0,31.076914770528674,120.98409407772124
2026-03-28T00:51:00+00:00,1127.0,7449.13,2.522,1019.0,111,0,0,31.07689457014203,120.98414520733058
2026-03-28T00:51:01+00:00,1128.0,7454.32,2.522,968.6,111,0,0,31.076872861012816,120.98419248126447
2026-03-28T00:51:02+00:00,1129.0,7459.34,2.522,991.0,112,0,0,31.076853163540363,120.98424084484577
2026-03-28T00:51:03+00:00,1130.0,7464.59,2.522,976.0,112,0,0,31.07683254405856,120.98429013043642
2026-03-28T00:51:04+00:00,1131.0,7469.43,2.522,955.4,111,0,0,31.07681443914771,120.9843379072845
2026-03-28T00:51:05+00:00,1132.0,7474.0,2.522,815.6,110,0,0,31.076794574037194,120.98437956534326
2026-03-28T00:51:06+00:00,1133.0,7478.14,2.523,643.8,109,0,0,31.07677479274571,120.98441367968917
2026-03-28T00:51:07+00:00,1134.0,7481.49,2.523,595.2,107,0,0,31.076762387529016,120.984444944188
2026-03-28T00:51:08+00:00,1135.0,7484.32,2.523,584.2,107,0,0,31.076751574873924,120.98447335883975
2026-03-28T00:51:09+00:00,1136.0,7487.0,2.523,505.8,107,0,0,31.07674009166658,120.98449875600636
2026-03-28T00:51:10+00:00,1137.0,7489.55,2.523,444.2,107,0,0,31.07672441750765,120.98451971076429
2026-03-28T00:51:11+00:00,1138.0,7491.9,2.522,343.4,107,0,0,31.076706731691957,120.98453027196229
2026-03-28T00:51:12+00:00,1139.0,7493.44,2.522,322.8,106,0,0,31.076693907380104,120.98453857004642
2026-03-28T00:51:13+00:00,1140.0,7495.07,2.522,343.4,106,0,0,31.076678736135364,120.98454410210252
2026-03-28T00:51:14+00:00,1141.0,7496.73,2.522,313.6,106,0,0,31.076664235442877,120.98454276099801
2026-03-28T00:51:15+00:00,1142.0,7497.15,2.521,246.4,106,0,0,31.076659122481942,120.9845361392945
2026-03-28T00:51:16+00:00,1143.0,7498.13,2.521,63.4,105,0,0,31.07665551826358,120.98452909849584
2026-03-28T00:51:17+00:00,1144.0,7498.46,2.523,50.4,105,0,0,31.076653422787786,120.98452113568783
2026-03-28T00:51:18+00:00,1145.0,7498.46,2.522,418.0,105,,91,31.076574716717005,120.98450143821537
2026-03-28T00:51:19+00:00,1146.0,7500.16,2.522,419.8,105,0,0,31.07655988074839,120.98449372686446
2026-03-28T00:51:20+00:00,1147.0,7501.96,2.522,449.8,105,0,0,31.076543368399143,120.98448509350419
2026-03-28T00:51:21+00:00,1148.0,7505.04,2.522,524.4,106,0,0,31.076518893241882,120.9844705928117
2026-03-28T00:51:22+00:00,1149.0,7508.26,2.523,608.4,105,0,0,31.076491232961416,120.98446061834693
2026-03-28T00:51:23+00:00,1150.0,7511.87,2.523,670.0,106,0,0,31.076461225748062,120.98445081152022
2026-03-28T00:51:24+00:00,1151.0,7515.21,2.523,716.6,106,85,33,31.07643222436309,120.98444092087448
2026-03-28T00:51:25+00:00,1152.0,7518.82,2.523,787.6,107,128,33,31.07640012167394,120.98442818038166
2026-03-28T00:51:26+00:00,1153.0,7523.04,2.523,823.0,109,132,37,31.07636298984289,120.98442122340202
2026-03-28T00:51:27+00:00,1154.0,7527.17,2.523,871.4,112,129,42,31.076324936002493,120.98441661335528
2026-03-28T00:51:28+00:00,1155.0,7532.03,2.523,912.6,116,123,45,31.07628277502954,120.98441133275628
2026-03-28T00:51:29+00:00,1156.0,7536.31,2.523,787.6,118,117,45,31.07624664902687,120.98440655507147
2026-03-28T00:51:30+00:00,1157.0,7539.34,2.524,569.2,118,133,45,31.07621530070901,120.98439926281571
2026-03-28T00:51:31+00:00,1158.0,7541.79,2.524,464.6,119,134,50,31.07618554495275,120.98439079709351
2026-03-28T00:51:32+00:00,1159.0,7543.57,2.525,369.4,119,135,49,31.076156543567777,120.98438275046647
2026-03-28T00:51:33+00:00,1160.0,7545.9,2.526,436.6,119,133,53,31.07613910920918,120.98436841741204
2026-03-28T00:51:34+00:00,1161.0,7548.58,2.526,537.4,119,134,53,31.076120669022202,120.984360370785
2026-03-28T00:51:35+00:00,1162.0,7552.42,2.526,765.2,119,135,54,31.07610289938748,120.98435039632022
2026-03-28T00:51:36+00:00,1163.0,7556.48,2.526,845.4,119,45,0,31.076085465028882,120.9843413438648
2026-03-28T00:51:37+00:00,1164.0,7559.84,2.526,774.4,118,0,0,31.076070796698332,120.98433430306613
2026-03-28T00:51:38+00:00,1165.0,7563.43,2.526,768.8,118,0,0,31.076052859425545,120.98432558588684
2026-03-28T00:51:39+00:00,1166.0,7566.72,2.526,748.4,118,0,0,,
2026-03-28T00:51:40+00:00,1167.0,7570.27,2.527,735.2,118,0,0,,
2026-03-28T00:51:41+00:00,1168.0,7570.27,2.527,,118,0,0,,
2026-03-28T00:51:42+00:00,1169.0,7570.27,2.527,,118,162,60,,
2026-03-28T00:51:43+00:00,1170.0,7570.27,2.527,,118,162,60,,
2026-03-28T00:51:44+00:00,1171.0,7570.27,2.527,,119,165,62,,
2026-03-28T00:51:45+00:00,1172.0,7570.27,2.527,,120,157,64,,
2026-03-28T00:51:46+00:00,1173.0,7570.27,2.527,,121,138,64,,
2026-03-28T00:51:47+00:00,1174.0,7570.27,2.527,,121,162,66,,
2026-03-28T00:51:48+00:00,1175.0,7570.27,2.527,,121,145,68,,
2026-03-28T00:51:49+00:00,1176.0,7570.27,2.527,,119,120,69,,
2026-03-28T00:51:50+00:00,1177.0,7570.27,2.526,,118,112,69,,
2026-03-28T00:51:51+00:00,1178.0,7570.27,2.526,,117,105,69,,
2026-03-28T00:51:52+00:00,1179.0,7570.27,2.526,,117,105,70,,
2026-03-28T00:51:53+00:00,1180.0,7570.27,2.526,,117,113,69,,
2026-03-28T00:51:54+00:00,1181.0,7570.27,2.526,,117,118,69,,
2026-03-28T00:51:55+00:00,1182.0,7570.27,2.526,,118,132,71,,
2026-03-28T00:51:56+00:00,1183.0,7570.27,2.526,,119,147,70,,
2026-03-28T00:51:57+00:00,1184.0,7570.27,2.526,,120,132,69,,
2026-03-28T00:51:58+00:00,1185.0,7570.27,2.526,,121,132,71,,
2026-03-28T00:51:59+00:00,1186.0,7570.27,2.526,,124,121,68,,
2026-03-28T00:52:00+00:00,1187.0,7570.27,2.526,,125,126,70,,
2026-03-28T00:52:01+00:00,1188.0,7570.27,2.526,,126,131,70,,
2026-03-28T00:52:02+00:00,1189.0,7570.27,2.526,,129,129,70,,
2026-03-28T00:52:03+00:00,1190.0,7570.27,2.526,,129,125,71,,
2026-03-28T00:52:04+00:00,1191.0,7570.27,2.526,,130,133,68,,
2026-03-28T00:52:05+00:00,1192.0,7570.27,2.526,,130,118,69,,
2026-03-28T00:52:06+00:00,1193.0,7570.27,2.526,,131,115,69,,
2026-03-28T00:52:07+00:00,1194.0,7570.27,2.526,,131,111,68,,
2026-03-28T00:52:08+00:00,1195.0,7570.27,2.526,,131,118,69,,
2026-03-28T00:52:09+00:00,1196.0,7570.27,2.526,,131,119,69,,
2026-03-28T00:52:10+00:00,1197.0,7570.27,2.526,,130,118,69,,
2026-03-28T00:52:11+00:00,1198.0,7570.27,2.526,,130,116,69,,
2026-03-28T00:52:12+00:00,1199.0,7570.27,2.526,,130,125,68,,
2026-03-28T00:52:13+00:00,1200.0,7826.9,2.526,1093.6,129,139,78,31.07367600314319,120.98396214656532
2026-03-28T00:52:14+00:00,1201.0,7829.02,2.525,1250.4,129,159,62,31.073652785271406,120.9839578717947
2026-03-28T00:52:15+00:00,1202.0,7838.31,2.525,1420.2,129,171,76,31.07357290573418,120.98393465392292
2026-03-28T00:52:16+00:00,1203.0,7847.04,2.524,1491.0,129,177,69,31.073500653728843,120.98390305414796
2026-03-28T00:52:17+00:00,1204.0,7854.14,2.523,1412.6,129,198,71,31.073446925729513,120.98386106081307
2026-03-28T00:52:18+00:00,1205.0,7861.38,2.523,1379.0,129,280,70,31.073400070890784,120.98380766808987
2026-03-28T00:52:19+00:00,1206.0,7867.95,2.524,1315.6,130,316,66,31.073364866897464,120.98375201225281
2026-03-28T00:52:20+00:00,1207.0,7874.35,2.525,1302.6,130,316,66,31.073337960988283,120.98369208164513
2026-03-28T00:52:21+00:00,1208.0,7880.64,2.526,1295.2,130,328,66,31.07331340201199,120.98363156430423
2026-03-28T00:52:22+00:00,1209.0,7887.26,2.527,1280.2,130,332,62,31.073288256302476,120.98356878384948
2026-03-28T00:52:23+00:00,1210.0,7893.9,2.528,1284.0,130,328,63,31.073262691497803,120.98350667394698
2026-03-28T00:52:24+00:00,1211.0,7899.92,2.529,1272.8,130,341,63,31.073239808902144,120.98344825208187
2026-03-28T00:52:25+00:00,1212.0,7906.52,2.53,1254.0,131,343,62,31.07321223244071,120.98338790237904
2026-03-28T00:52:26+00:00,1213.0,7912.68,2.531,1246.6,131,330,61,31.073184236884117,120.98333090543747
2026-03-28T00:52:27+00:00,1214.0,7919.38,2.532,1233.6,131,304,62,31.073158169165254,120.98326921463013
2026-03-28T00:52:28+00:00,1215.0,7925.1,2.533,1213.0,130,289,58,31.073136292397976,120.98321431316435
2026-03-28T00:52:29+00:00,1216.0,7931.05,2.535,1205.6,130,270,63,31.073113661259413,120.98315740004182
2026-03-28T00:52:30+00:00,1217.0,7936.95,2.536,1192.4,131,246,59,31.073090191930532,120.98310090601444
2026-03-28T00:52:31+00:00,1218.0,7943.02,2.537,1190.6,131,234,58,31.073067896068096,120.9830429032445
2026-03-28T00:52:32+00:00,1219.0,7949.24,2.537,1179.4,131,207,58,31.0730417445302,120.98298699595034
2026-03-28T00:52:33+00:00,1220.0,7955.07,2.538,1162.6,130,197,59,31.07301685027778,120.98293335177004
2026-03-28T00:52:34+00:00,1221.0,7960.75,2.539,1140.2,130,196,57,31.07299145311117,120.98288146778941
2026-03-28T00:52:35+00:00,1222.0,7966.59,2.54,1114.0,130,186,54,31.072970582172275,120.98282547667623
2026-03-28T00:52:36+00:00,1223.0,7972.24,2.541,1102.8,130,172,54,31.072950130328536,120.98277107812464
2026-03-28T00:52:37+00:00,1224.0,7977.85,2.542,1091.6,131,180,54,31.072929007932544,120.98271802067757
2026-03-28T00:52:38+00:00,1225.0,7983.0,2.543,1063.6,131,158,55,31.0729088075459,120.98266856744885
2026-03-28T00:52:39+00:00,1226.0,7988.18,2.544,1037.6,130,135,50,31.0728863440454,120.98262028768659
2026-03-28T00:52:40+00:00,1227.0,7993.54,2.544,1013.4,129,130,54,31.072862623259425,120.9825714211911
2026-03-28T00:52:41+00:00,1228.0,7998.84,2.545,1005.8,129,124,50,31.07284032739699,120.98252205178142
2026-03-28T00:52:42+00:00,1229.0,8004.08,2.546,959.2,130,115,48,31.07282138429582,120.98247326910496
2026-03-28T00:52:43+00:00,1230.0,8008.63,2.546,948.0,129,105,48,31.07280428521335,120.98242892883718
2026-03-28T00:52:44+00:00,1231.0,8013.55,2.547,968.6,129,75,47,31.072782324627042,120.98238425329328
2026-03-28T00:52:45+00:00,1232.0,8018.61,2.547,1007.8,130,65,46,31.072759442031384,120.9823383204639
2026-03-28T00:52:46+00:00,1233.0,8023.67,2.548,1019.0,129,43,0,31.072739576920867,120.98229079507291
2026-03-28T00:52:47+00:00,1234.0,8028.75,2.548,1041.4,127,0,0,31.072720969095826,120.98224192857742
2026-03-28T00:52:48+00:00,1235.0,8034.05,2.548,1054.4,126,0,0,31.07270068489015,120.98219180479646
2026-03-28T00:52:49+00:00,1236.0,8039.37,2.547,1078.6,125,0,0,31.072683250531554,120.98213883116841
2026-03-28T00:52:50+00:00,1237.0,8045.24,2.547,1117.8,125,0,0,31.072668246924877,120.98208015784621
2026-03-28T00:52:51+00:00,1238.0,8051.14,2.547,1140.2,125,0,0,31.07265416532755,120.98202081397176
2026-03-28T00:52:52+00:00,1239.0,8057.06,2.547,1158.8,126,0,0,31.07264343649149,120.98196054808795
2026-03-28T00:52:53+00:00,1240.0,8063.11,2.546,1194.4,130,0,0,31.072634384036064,120.98189843818545
2026-03-28T00:52:54+00:00,1241.0,8068.96,2.546,1201.8,139,0,0,31.07262876816094,120.98183733411133
2026-03-28T00:52:55+00:00,1242.0,8074.86,2.546,1201.8,141,0,0,31.072628181427717,120.98177581094205
2026-03-28T00:52:56+00:00,1243.0,8080.8,2.545,1207.4,140,0,0,31.072625163942575,120.98171344958246
2026-03-28T00:52:57+00:00,1244.0,8086.9,2.545,1222.4,140,0,0,31.07261954806745,120.98164974711835
2026-03-28T00:52:58+00:00,1245.0,8093.05,2.544,1228.0,139,0,0,31.072615943849087,120.98158612847328
2026-03-28T00:52:59+00:00,1246.0,8099.04,2.544,1239.2,138,0,0,31.07261074706912,120.98152284510434
2026-03-28T00:53:00+00:00,1247.0,8105.17,2.543,1224.2,137,0,0,31.07260337099433,120.98145872354507
2026-03-28T00:53:01+00:00,1248.0,8111.51,2.543,1222.4,137,0,0,31.072594486176968,120.98139393143356
2026-03-28T00:53:02+00:00,1249.0,8117.55,2.542,1218.6,136,0,0,31.072585601359606,120.98133131861687
2026-03-28T00:53:03+00:00,1250.0,8124.03,2.541,1269.0,136,115,61,31.072575710713863,120.98126443102956
2026-03-28T00:53:04+00:00,1251.0,8130.57,2.541,1325.0,134,173,65,31.07256330549717,120.98119704052806
2026-03-28T00:53:05+00:00,1252.0,8137.41,2.54,1367.8,133,154,64,31.072549307718873,120.98112696781754
2026-03-28T00:53:06+00:00,1253.0,8144.4,2.539,1395.8,132,115,68,31.07253254391253,120.98105630837381
2026-03-28T00:53:07+00:00,1254.0,8151.45,2.539,1431.4,132,113,69,31.07251544483006,120.98098422400653
2026-03-28T00:53:08+00:00,1255.0,8158.89,2.538,1450.0,132,90,72,31.072495244443417,120.9809101279825
2026-03-28T00:53:09+00:00,1256.0,8166.3,2.538,1466.8,131,95,70,31.072470685467124,120.98083804361522
2026-03-28T00:53:10+00:00,1257.0,8173.63,2.537,1472.4,131,99,74,31.072440342977643,120.98076947964728
2026-03-28T00:53:11+00:00,1258.0,8180.77,2.536,1448.2,131,100,71,31.072410754859447,120.98070217296481
2026-03-28T00:53:12+00:00,1259.0,8188.13,2.535,1405.2,131,98,71,31.072379406541586,120.98063520155847
2026-03-28T00:53:13+00:00,1260.0,8194.96,2.535,1360.4,131,97,69,31.072348980233073,120.98057216964662
2026-03-28T00:53:14+00:00,1261.0,8201.82,2.534,1317.4,132,81,66,31.07231796719134,120.98051031120121
2026-03-28T00:53:15+00:00,1262.0,8208.39,2.535,1269.0,133,80,60,31.072283601388335,120.98045457154512
2026-03-28T00:53:16+00:00,1263.0,8214.77,2.535,1242.8,136,79,61,31.072248481214046,120.98040176555514
2026-03-28T00:53:17+00:00,1264.0,8220.94,2.536,1211.2,138,76,62,31.07221537269652,120.98034979775548
2026-03-28T00:53:18+00:00,1265.0,8226.98,2.536,1181.2,138,75,62,31.072182347998023,120.98029959015548
2026-03-28T00:53:19+00:00,1266.0,8232.97,2.536,1190.6,135,25,0,31.07214756309986,120.98025131039321
2026-03-28T00:53:20+00:00,1267.0,8238.94,2.537,1172.0,133,0,0,31.072110095992684,120.98020671866834
2026-03-28T00:53:21+00:00,1268.0,8244.86,2.537,1188.8,133,0,0,31.07207120396197,120.98016330040991
2026-03-28T00:53:22+00:00,1269.0,8251.1,2.537,1214.8,132,0,0,31.07203030027449,120.9801193792373
2026-03-28T00:53:23+00:00,1270.0,8257.21,2.537,1229.8,132,0,0,31.07198621146381,120.98008166067302
2026-03-28T00:53:24+00:00,1271.0,8263.16,2.536,1244.8,131,0,0,31.071943128481507,120.98004318773746
2026-03-28T00:53:25+00:00,1272.0,8269.4,2.536,1263.4,131,0,0,31.071898452937603,120.98000295460224
2026-03-28T00:53:26+00:00,1273.0,8275.86,2.535,1297.0,131,0,0,31.071854112669826,120.97995903342962
2026-03-28T00:53:27+00:00,1274.0,8282.43,2.534,1317.4,130,0,0,31.071811113506556,120.97991125658154
2026-03-28T00:53:28+00:00,1275.0,8289.16,2.533,1343.6,129,0,0,31.07176937162876,120.97986046224833
2026-03-28T00:53:29+00:00,1276.0,8296.01,2.532,1364.2,130,0,0,31.071727629750967,120.97980765625834
2026-03-28T00:53:30+00:00,1277.0,8302.92,2.531,1395.8,129,0,0,31.07168764807284,120.97975132986903
2026-03-28T00:53:31+00:00,1278.0,8310.05,2.53,1407.0,129,0,0,31.071645319461823,120.97969491966069
2026-03-28T00:53:32+00:00,1279.0,8317.33,2.529,1409.0,129,0,0,31.071603074669838,120.97963842563331
2026-03-28T00:53:33+00:00,1280.0,8324.22,2.528,1418.2,129,0,0,31.07156510464847,120.97958084195852
2026-03-28T00:53:34+00:00,1281.0,8330.96,2.528,1410.8,129,0,0,31.0715342592448,120.97951873205602
2026-03-28T00:53:35+00:00,1282.0,8337.94,2.527,1379.0,129,155,67,31.071510454639792,120.97945150919259
2026-03-28T00:53:36+00:00,1283.0,8344.62,2.527,1356.6,129,163,68,31.071490086615086,120.97938571125269
2026-03-28T00:53:37+00:00,1284.0,8351.23,2.527,1326.8,129,181,68,31.071471562609076,120.97931957803667
2026-03-28T00:53:38+00:00,1285.0,8357.81,2.528,1280.2,129,188,63,31.07144834473729,120.97925612702966
2026-03-28T00:53:39+00:00,1286.0,8364.11,2.528,1224.2,129,188,60,31.071427473798394,120.97919560968876
2026-03-28T00:53:40+00:00,1287.0,8369.94,2.529,1183.2,129,187,60,31.071405177935958,120.97913911566138
2026-03-28T00:53:41+00:00,1288.0,8375.74,2.53,1168.2,128,189,60,31.07138330116868,120.979082621634
2026-03-28T00:53:42+00:00,1289.0,8381.68,2.531,1125.2,127,191,57,31.071363100782037,120.97902562469244
2026-03-28T00:53:43+00:00,1290.0,8387.24,2.532,1101.0,127,188,54,31.071344912052155,120.97897156141698
2026-03-28T00:53:44+00:00,1291.0,8392.74,2.532,1061.8,127,189,54,31.071322113275528,120.97892118617892
2026-03-28T00:53:45+00:00,1292.0,8397.95,2.533,1047.0,128,188,55,31.071299146860838,120.97887340933084
2026-03-28T00:53:46+00:00,1293.0,8402.96,2.534,994.6,128,188,49,31.071276431903243,120.97882781177759
2026-03-28T00:53:47+00:00,1294.0,8407.98,2.535,972.2,128,174,50,31.071254136040807,120.97878296859562
2026-03-28T00:53:48+00:00,1295.0,8412.66,2.536,961.0,128,178,48,31.071233516559005,120.97873963415623
2026-03-28T00:53:49+00:00,1296.0,8417.27,2.537,936.8,128,177,47,31.07121708802879,120.97869504243135
2026-03-28T00:53:50+00:00,1297.0,8421.77,2.538,921.8,128,177,47,31.07119864784181,120.97865237854421
2026-03-28T00:53:51+00:00,1298.0,8426.42,2.539,931.2,128,171,46,31.071179704740644,120.9786082059145
2026-03-28T00:53:52+00:00,1299.0,8431.29,2.54,938.6,128,155,46,31.07115900143981,120.9785630274564
2026-03-28T00:53:53+00:00,1300.0,8436.02,2.541,908.8,128,144,45,31.07113947160542,120.97851944155991
2026-03-28T00:53:54+00:00,1301.0,8440.57,2.542,914.4,128,136,45,31.071122204884887,120.97847602330148
2026-03-28T00:53:55+00:00,1302.0,8445.19,2.542,938.6,128,130,45,31.071105441078544,120.97843084484339
2026-03-28T00:53:56+00:00,1303.0,8449.92,2.543,918.2,129,86,0,31.07108674943447,120.97838625311852
2026-03-28T00:53:57+00:00,1304.0,8454.85,2.543,908.8,128,0,0,31.071069315075874,120.97833956591785
2026-03-28T00:53:58+00:00,1305.0,8459.89,2.543,968.6,128,0,0,31.071046935394406,120.97829463891685
2026-03-28T00:53:59+00:00,1306.0,8464.56,2.543,1004.0,129,0,0,31.0710265673697,120.9782508853823
2026-03-28T00:54:00+00:00,1307.0,8469.78,2.542,1045.0,129,0,0,31.071004355326295,120.97820294089615
2026-03-28T00:54:01+00:00,1308.0,8475.35,2.542,1121.6,129,0,0,31.07098013162613,120.97815055400133
2026-03-28T00:54:02+00:00,1309.0,8481.69,2.541,1196.2,127,0,0,31.07095381245017,120.97809280268848
2026-03-28T00:54:03+00:00,1310.0,8487.86,2.54,1261.6,124,0,0,31.070925230160356,120.97803697921336
2026-03-28T00:54:04+00:00,1311.0,8494.52,2.539,1321.2,124,0,0,31.070895809680223,120.97797545604408
2026-03-28T00:54:05+00:00,1312.0,8501.77,2.538,1392.2,123,0,0,31.070863539353013,120.97791016101837
2026-03-28T00:54:06+00:00,1313.0,8509.24,2.538,1453.8,123,0,0,31.070829927921295,120.97784327343106
2026-03-28T00:54:07+00:00,1314.0,8515.8,2.537,1353.0,122,0,0,31.070803608745337,120.97777973860502
2026-03-28T00:54:08+00:00,1315.0,8521.65,2.536,1052.6,121,0,0,31.070785000920296,120.97772483713925
2026-03-28T00:54:09+00:00,1316.0,8526.62,2.535,1060.0,121,0,0,31.07078122906387,120.97767110913992
2026-03-28T00:54:10+00:00,1317.0,8532.32,2.534,1183.2,121,0,0,31.070767315104604,120.977613190189
2026-03-28T00:54:11+00:00,1318.0,8538.31,2.533,1272.8,121,189,58,31.070746695622802,120.97755485214293
2026-03-28T00:54:12+00:00,1319.0,8544.55,2.532,1332.4,121,189,63,31.070726243779063,120.97749290987849
2026-03-28T00:54:13+00:00,1320.0,8551.27,2.531,1356.6,121,166,68,31.07070554047823,120.97742635756731
2026-03-28T00:54:14+00:00,1321.0,8558.19,2.53,1341.8,120,158,68,31.07068743556738,120.97735687159002
2026-03-28T00:54:15+00:00,1322.0,8565.1,2.529,1319.4,120,142,66,31.070673689246178,120.97728721797466
2026-03-28T00:54:16+00:00,1323.0,8571.83,2.528,1326.8,120,145,67,31.070660445839167,120.97721924073994
2026-03-28T00:54:17+00:00,1324.0,8578.16,2.529,1323.0,119,155,66,31.070657009258866,120.97715185023844
2026-03-28T00:54:18+00:00,1325.0,8584.7,2.529,1280.2,119,155,65,31.07065432704985,120.9770835377276
2026-03-28T00:54:19+00:00,1326.0,8591.08,2.529,1280.2,119,139,63,31.07064980082214,120.97701597958803
2026-03-28T00:54:20+00:00,1327.0,8597.45,2.53,1239.2,119,120,63,31.07064351439476,120.97694917581975
2026-03-28T00:54:21+00:00,1328.0,8603.99,2.531,1185.0,119,84,0,31.070632953196764,120.97688388079405
2026-03-28T00:54:22+00:00,1329.0,8609.29,2.531,1112.2,119,0,0,31.070624822750688,120.97682822495699
2026-03-28T00:54:23+00:00,1330.0,8614.77,2.531,1067.4,120,0,0,31.070613004267216,120.97677240148187
2026-03-28T00:54:24+00:00,1331.0,8620.33,2.532,1035.8,120,0,0,31.070604706183076,120.97671624273062
2026-03-28T00:54:25+00:00,1332.0,8625.38,2.532,1045.0,120,0,0,31.070596491917968,120.9766636043787
2026-03-28T00:54:26+00:00,1333.0,8630.37,2.533,1002.2,120,0,0,31.070590959861875,120.9766118042171
2026-03-28T00:54:27+00:00,1334.0,8635.27,2.533,974.2,119,0,0,31.07058492489159,120.97656033933163
2026-03-28T00:54:28+00:00,1335.0,8640.26,2.534,933.0,120,0,0,31.070575453341007,120.97651046700776
2026-03-28T00:54:29+00:00,1336.0,8644.62,2.534,899.4,121,0,0,31.070567658171058,120.97646503709257
2026-03-28T00:54:30+00:00,1337.0,8649.29,2.534,931.2,125,44,42,31.07055651023984,120.97641726024449
2026-03-28T00:54:31+00:00,1338.0,8653.94,2.534,931.2,127,97,46,31.070544105023146,120.97637090831995
2026-03-28T00:54:32+00:00,1339.0,8658.83,2.534,976.0,128,114,46,31.07053111307323,120.97632145509124
2026-03-28T00:54:33+00:00,1340.0,8664.0,2.534,994.6,128,131,48,31.07051795348525,120.97627066075802
2026-03-28T00:54:34+00:00,1341.0,8668.78,2.534,1017.0,128,137,49,31.070506973192096,120.97622187808156
2026-03-28T00:54:35+00:00,1342.0,8673.57,2.533,1037.6,128,141,49,31.070489287376404,120.97617435269058
2026-03-28T00:54:36+00:00,1343.0,8678.88,2.533,1039.4,128,144,51,31.070466320961714,120.97612540237606
2026-03-28T00:54:37+00:00,1344.0,8684.36,2.533,1063.6,129,149,51,31.070439079776406,120.97607762552798
2026-03-28T00:54:38+00:00,1345.0,8689.97,2.532,1112.2,129,158,51,31.070408569648862,120.97603043541312
2026-03-28T00:54:39+00:00,1346.0,8695.88,2.532,1164.4,129,182,58,31.070378059521317,120.97597980871797
2026-03-28T00:54:40+00:00,1347.0,8701.84,2.532,1203.6,129,197,58,31.07035090215504,120.97592641599476
2026-03-28T00:54:41+00:00,1348.0,8707.72,2.532,1242.8,129,187,56,31.07032793574035,120.97586983814836
2026-03-28T00:54:42+00:00,1349.0,8714.08,2.531,1259.6,129,180,62,31.070304131135345,120.9758086502552
2026-03-28T00:54:43+00:00,1350.0,8720.79,2.532,1289.6,129,176,63,31.07027269899845,120.97574913874269
2026-03-28T00:54:44+00:00,1351.0,8727.2,2.532,1308.2,129,177,63,31.07023548334837,120.97569725476205
2026-03-28T00:54:45+00:00,1352.0,8733.84,2.532,1326.8,129,165,64,31.070194328203797,120.9756463766098
2026-03-28T00:54:46+00:00,1353.0,8740.84,2.532,1341.8,128,147,66,31.070150239393115,120.97559499554336
2026-03-28T00:54:47+00:00,1354.0,8747.63,2.532,1364.2,128,147,66,31.070104809477925,120.97554755397141
2026-03-28T00:54:48+00:00,1355.0,8754.45,2.532,1379.0,128,168,66,31.070057787001133,120.97550103440881
2026-03-28T00:54:49+00:00,1356.0,8761.19,2.532,1390.2,128,164,70,31.070012440904975,120.97545283846557
2026-03-28T00:54:50+00:00,1357.0,8768.42,2.532,1403.4,128,159,68,31.06996290385723,120.97540447488427
2026-03-28T00:54:51+00:00,1358.0,8775.6,2.532,1409.0,129,162,68,31.06991210952401,120.97535896115005
2026-03-28T00:54:52+00:00,1359.0,8782.59,2.532,1410.8,130,140,69,31.069861818104982,120.9753147047013
2026-03-28T00:54:53+00:00,1360.0,8789.58,2.532,1395.8,130,139,70,31.069814544171095,120.97526642493904
2026-03-28T00:54:54+00:00,1361.0,8796.47,2.532,1397.8,131,139,68,31.06976735405624,120.97521856427193
2026-03-28T00:54:55+00:00,1362.0,8803.44,2.533,1401.4,131,140,70,31.069738436490297,120.97515310160816
2026-03-28T00:54:56+00:00,1363.0,8810.26,2.533,1394.0,131,160,69,31.06971555389464,120.97508654929698
2026-03-28T00:54:57+00:00,1364.0,8816.96,2.533,1422.0,131,185,68,31.069684959948063,120.97502385266125
2026-03-28T00:54:58+00:00,1365.0,8824.42,2.533,1423.8,132,168,71,31.069647325202823,120.97495989874005
2026-03-28T00:54:59+00:00,1366.0,8831.52,2.534,1429.4,132,148,71,31.069611702114344,120.97489778883755
2026-03-28T00:55:00+00:00,1367.0,8838.66,2.534,1414.6,132,135,70,31.06958018615842,120.9748334158212
2026-03-28T00:55:01+00:00,1368.0,8845.56,2.534,1379.0,132,135,70,31.069547161459923,120.9747728984803
2026-03-28T00:55:02+00:00,1369.0,8851.93,2.535,1338.0,132,0,0,31.06951966881752,120.97471288405359
2026-03-28T00:55:03+00:00,1370.0,8858.59,2.535,1280.2,132,0,0,31.069497289136052,120.9746484272182
2026-03-28T00:55:04+00:00,1371.0,8864.9,2.536,1224.2,133,0,0,31.069476753473282,120.9745860658586
2026-03-28T00:55:05+00:00,1372.0,8871.12,2.536,1162.6,133,0,0,31.069451943039894,120.97452814690769
2026-03-28T00:55:06+00:00,1373.0,8876.85,2.537,1104.8,134,0,0,31.069427551701665,120.9744755923748
2026-03-28T00:55:07+00:00,1374.0,8881.98,2.538,1037.6,134,0,0,31.069408860057592,120.97442655824125
2026-03-28T00:55:08+00:00,1375.0,8886.72,2.538,977.8,134,0,0,31.069391258060932,120.9743807092309
2026-03-28T00:55:09+00:00,1376.0,8891.41,2.539,918.2,133,0,0,31.069374242797494,120.9743355307728
2026-03-28T00:55:10+00:00,1377.0,8895.99,2.539,886.4,133,0,0,31.069357059895992,120.97429228015244
2026-03-28T00:55:11+00:00,1378.0,8900.23,2.539,865.8,132,0,0,31.069336524233222,120.97425405867398
2026-03-28T00:55:12+00:00,1379.0,8904.53,2.54,841.6,132,52,41,31.0693169105798,120.97421541810036
2026-03-28T00:55:13+00:00,1380.0,8908.85,2.54,834.2,131,101,40,31.0692997276783,120.97417552024126
2026-03-28T00:55:14+00:00,1381.0,8912.77,2.541,837.8,130,97,40,31.069284388795495,120.97413662821054
2026-03-28T00:55:15+00:00,1382.0,8917.24,2.541,834.2,128,97,40,31.069269133731723,120.97409362904727
2026-03-28T00:55:16+00:00,1383.0,8921.69,2.542,849.0,126,97,42,31.06925245374441,120.97405163571239
2026-03-28T00:55:17+00:00,1384.0,8926.24,2.542,875.2,126,98,42,31.069231247529387,120.97401198931038
2026-03-28T00:55:18+00:00,1385.0,8930.62,2.542,910.6,125,32,0,31.06921079568565,120.97397334873676
2026-03-28T00:55:19+00:00,1386.0,8934.92,2.542,942.4,125,0,0,31.069193361327052,120.97393152303994
2026-03-28T00:55:20+00:00,1387.0,8939.89,2.542,948.0,124,0,0,31.069174334406853,120.97388475202024
2026-03-28T00:55:21+00:00,1388.0,8944.94,2.542,977.8,124,0,0,31.06915312819183,120.97383764572442
2026-03-28T00:55:22+00:00,1389.0,8950.15,2.541,1009.6,124,0,0,31.06913116760552,120.9737902879715
2026-03-28T00:55:23+00:00,1390.0,8955.27,2.541,1056.2,123,0,0,31.069108871743083,120.97374318167567
2026-03-28T00:55:24+00:00,1391.0,8960.63,2.54,1099.2,123,0,0,31.06907752342522,120.97369951196015
2026-03-28T00:55:25+00:00,1392.0,8966.59,2.54,1147.6,123,0,0,31.069042654708028,120.9736536629498
2026-03-28T00:55:26+00:00,1393.0,8972.07,2.539,1196.2,123,0,0,31.069013820961118,120.97360596992075
2026-03-28T00:55:27+00:00,1394.0,8977.89,2.538,1231.6,124,0,0,31.06899152509868,120.97355039790273
2026-03-28T00:55:28+00:00,1395.0,8984.17,2.538,1280.2,123,0,0,31.06896352954209,120.97349239513278
2026-03-28T00:55:29+00:00,1396.0,8990.98,2.537,1319.4,123,0,0,31.06893679127097,120.97342793829739
2026-03-28T00:55:30+00:00,1397.0,8998.01,2.537,1302.6,123,0,0,31.06890980154276,120.97336356528103
2026-03-28T00:55:31+00:00,1398.0,9004.21,2.536,1285.8,123,0,0,31.068894546478987,120.97330053336918
2026-03-28T00:55:32+00:00,1399.0,9010.45,2.536,1293.2,123,0,0,31.06888549402356,120.97323548980057
2026-03-28T00:55:33+00:00,1400.0,9016.74,2.535,1325.0,123,0,0,31.068867975845933,120.9731702785939
2026-03-28T00:55:34+00:00,1401.0,9023.67,2.534,1315.6,122,0,0,31.068842243403196,120.97310406155884
2026-03-28T00:55:35+00:00,1402.0,9030.55,2.534,1328.6,122,0,0,31.068818690255284,120.97303750924766
2026-03-28T00:55:36+00:00,1403.0,9037.12,2.533,1321.2,122,0,0,31.068796645849943,120.97297271713614
2026-03-28T00:55:37+00:00,1404.0,9043.92,2.532,1263.4,122,0,0,31.068772757425904,120.97290884703398
2026-03-28T00:55:38+00:00,1405.0,9049.98,2.531,1216.8,121,0,0,31.068749958649278,120.97285109572113
2026-03-28T00:55:39+00:00,1406.0,9055.98,2.531,1177.6,119,0,0,31.06873353011906,120.97279091365635
2026-03-28T00:55:40+00:00,1407.0,9061.89,2.531,1127.2,115,0,0,31.0687193647027,120.9727315697819
2026-03-28T00:55:41+00:00,1408.0,9067.77,2.531,1110.4,111,0,0,31.06870419345796,120.9726742375642
2026-03-28T00:55:42+00:00,1409.0,9072.94,2.531,1097.2,110,0,0,31.068692039698362,120.97262076102197
2026-03-28T00:55:43+00:00,1410.0,9078.08,2.531,1047.0,111,0,0,31.068686675280333,120.97256703302264
2026-03-28T00:55:44+00:00,1411.0,9083.4,2.532,1024.6,108,0,0,31.06868164613843,120.97251263447106
2026-03-28T00:55:45+00:00,1412.0,9088.16,2.532,1005.8,106,0,0,31.068675108253956,120.97246217541397
2026-03-28T00:55:46+00:00,1413.0,9093.1,2.532,961.0,104,0,0,31.06866999529302,120.97241146489978
